Index,ISLANDNAME,PLOT,Easting,Northing,OCODES,BRCR,URB_100Z,RUR_100Z,FOR0_100Z,FOR1_100Z,FOR2_100Z,SAV_100Z,SHR_100Z,CR_CL_2Z,CR_CL_3Z,Is_sizeZ,rd_up_100Z,rd_p_100Z
1,Arbutus,ARB01,467956,5394876,d,0,-0.180973645,-0.413305792,-0.244224744,-1.013014826,-0.635999983,0.20211614,-0.202047601,-1.527173424,-0.861400343,-0.404845367,-0.56544841,-0.342724967
2,Brackman,BRA01,471657,5396128,d,0,-0.180973645,-0.413305792,-0.244224744,-0.25332239,-0.58329738,-0.46421402,-0.202047601,-1.249272583,-0.861400343,-0.404607815,-0.56544841,-0.342724967
3,Brackman,BRA02,471639,5396198,d,0,-0.180973645,-0.413305792,-0.244224744,-0.262082277,0.217828418,-0.46421402,-0.202047601,-0.699411851,-0.861400343,-0.404607815,-0.56544841,-0.342724967
4,Brackman,BRA03,471624,5396250,d,0,-0.180973645,-0.413305792,-0.244224744,-0.544698544,0.911497238,-0.311056088,-0.202047601,-0.367731032,-0.861400343,-0.404607815,-0.56544841,-0.342724967
5,Cabbage,CAB01,493649,5404946,b,0,-0.180973645,-0.413305792,-0.244224744,-0.907150931,0.566182323,-0.46421402,2.274541451,-0.813916482,-0.150285422,-0.404706482,-0.56544841,-0.342724967
6,Cabbage,CAB02,493558,5405074,c,0,-0.180973645,-0.413305792,-0.244224744,-0.62352187,0.308215559,-0.424641715,4.101098004,-0.766263006,-0.78153076,-0.404706482,-0.56544841,-0.342724967
7,Coal,COL01,471795,5392446,d,0,-0.180973645,0.884766677,-0.244224744,0.00467198,-0.635999983,1.089072153,-0.202047601,-0.385049309,-0.861400343,-0.400064795,-0.56544841,-0.342724967
8,Coal,COL02,471579,5392437,d,0,-0.180973645,-0.264291555,-0.244224744,1.145865881,-0.635999983,0.231931427,-0.202047601,0.56192408,0.236339227,-0.400064795,-0.397604205,-0.342724967
9,Coal,COL03,471787,5392196,d,0,-0.180973645,0.825121618,-0.244224744,0.650380535,-0.635999983,-0.46421402,0.267815286,0.09091468,1.804649141,-0.400064795,-0.56544841,-0.342724967
10,Coal,COL04,471951,5392130,d,0,-0.180973645,-0.283177517,-0.244224744,1.468210612,-0.635999983,-0.46421402,-0.202047601,1.72780006,-0.485331484,-0.400064795,-0.56544841,-0.342724967
11,Coal,COL05,471958,5392297,d,1,-0.180973645,-0.257210186,-0.244224744,1.451036992,-0.635999983,-0.46421402,-0.202047601,1.760075426,-0.666062763,-0.400064795,-0.56544841,-0.342724967
12,Coal,COL06,471998,5392013,d,1,-0.180973645,-0.23132002,-0.244224744,1.236536358,-0.635999983,-0.46421402,-0.202047601,0.395689234,-0.442090008,-0.400064795,-0.56544841,-0.342724967
13,Coal,COL07,472228,5392077,d,0,-0.180973645,2.892721467,-0.244224744,-0.659901753,-0.635999983,-0.46421402,-0.202047601,-1.153034612,-0.761739009,-0.400064795,-0.33152614,-0.342724967
14,Coal,COL08,472423,5392131,d,0,-0.180973645,3.469835107,-0.244224744,-1.013014826,-0.635999983,-0.46421402,-0.202047601,-1.526300999,-0.861400343,-0.400064795,1.234653041,-0.342724967
15,Coal,COL09,472700,5392287,d,0,-0.180973645,-0.413305792,-0.244224744,1.058035546,-0.635999983,-0.46421402,-0.202047601,0.655323416,-0.649081339,-0.400064795,-0.56544841,-0.342724967
16,Coal,COL10,472718,5392497,d,1,-0.180973645,-0.413305792,-0.244224744,1.554254883,-0.635999983,-0.46421402,-0.202047601,1.398161408,0.394488341,-0.400064795,-0.56544841,-0.342724967
17,Coal,COL11,472334,5392715,d,0,-0.180973645,-0.413305792,-0.244224744,1.554254883,-0.635999983,-0.46421402,-0.202047601,1.135847017,1.08211087,-0.400064795,-0.56544841,-0.342724967
18,Coal,COL12,472075,5392276,d,0,-0.180973645,0.828445363,-0.244224744,0.733276597,-0.635999983,-0.46421402,-0.202047601,-0.038937677,-0.861400343,-0.400064795,-0.56544841,-0.342724967
19,Coal,COL13,472111,5392221,d,0,-0.180973645,1.913006952,-0.244224744,0.016256332,-0.635999983,-0.46421402,-0.202047601,-1.097089848,-0.765249072,-0.400064795,-0.56544841,-0.342724967
20,Coal,COL14,472270,5392662,d,0,-0.180973645,-0.413305792,-0.244224744,1.554254883,-0.635999983,-0.46421402,-0.202047601,1.36756904,0.474682193,-0.400064795,-0.56544841,-0.342724967
21,Coal,COL15,472235,5392859,d,0,-0.180973645,-0.413305792,-0.244224744,1.554254883,-0.635999983,-0.46421402,-0.202047601,0.723811994,2.162206257,-0.400064795,-0.56544841,-0.342724967
22,Coal,COL16,472119,5392912,d,0,-0.180973645,-0.413305792,-0.244224744,1.463246198,-0.635999983,-0.259735695,-0.202047601,1.320304032,0.381435116,-0.400064795,0.54340184,-0.342724967
23,Coal,COL17,471860,5393042,d,0,-0.180973645,-0.413305792,-0.244224744,0.443772142,-0.635999983,1.378371967,-0.202047601,1.136021719,-0.285823926,-0.400064795,1.501211154,-0.342724967
24,Coal,COL18,471630,5393114,d,0,-0.180973645,-0.413305792,-0.244224744,-0.912800962,-0.635999983,3.676143065,-0.202047601,0.445891621,-0.73967738,-0.400064795,0.927326063,-0.342724967
25,Coal,COL19,471572,5393086,d,0,-0.180973645,-0.413305792,-0.244224744,-1.008029308,-0.635999983,3.37928315,-0.202047601,0.30773604,-0.860342204,-0.400064795,0.253763714,-0.342724967
26,Coal,COL20,471893,5392816,d,0,-0.180973645,-0.413305792,-0.244224744,0.088467819,-0.635999983,1.372308732,-0.202047601,0.732710941,0.036615491,-0.400064795,-0.56544841,-0.342724967
27,D'Arcy,DAR01,479850,5379487,b,0,-0.180973645,-0.413305792,-0.074678053,-0.38765599,0.59528305,0.361392957,0.172891468,-0.501698107,-0.747553689,-0.401908053,-0.56544841,-0.342724967
28,D'Arcy,DAR02,479772,5379573,c,0,-0.180973645,-0.413305792,-0.001765932,-0.729406295,1.29633791,-0.46421402,-0.202047601,0.229902537,-0.558610454,-0.401908053,-0.56544841,-0.342724967
29,D'Arcy,DAR03,479720,5379517,b,0,-0.180973645,-0.413305792,-0.244224744,-1.013014826,2.653723441,-0.46421402,-0.202047601,1.432866324,-0.532964806,-0.401908053,-0.56544841,-0.342724967
30,D'Arcy,DAR04,479623,5379520,c,0,-0.180973645,-0.413305792,-0.244224744,-1.013014826,2.670216625,-0.46421402,-0.202047601,1.152821316,0.391478903,-0.401908053,-0.56544841,-0.342724967
31,D'Arcy,DAR05,479550,5379445,b,1,-0.180973645,-0.413305792,-0.244224744,-1.013014826,2.670216625,-0.46421402,-0.202047601,0.893769835,1.183348034,-0.401908053,-0.56544841,-0.342724967
32,D'Arcy,DAR06,479464,5379395,c,0,-0.180973645,-0.413305792,-0.244224744,-1.013014826,2.670216625,-0.46421402,-0.202047601,0.712689667,2.160533714,-0.401908053,-0.56544841,-0.342724967
33,D'Arcy,DAR07,479509,5379288,b,0,-0.180973645,-0.413305792,-0.244224744,-1.013014826,2.670216625,-0.46421402,-0.202047601,0.445294814,2.892302257,-0.401908053,-0.56544841,-0.342724967
34,D'Arcy,DAR08,479372,5379295,c,0,-0.180973645,-0.413305792,-0.244224744,-1.013014826,2.670216625,-0.46421402,-0.202047601,1.210682375,0.885939863,-0.401908053,-0.56544841,-0.342724967
35,D'Arcy,DAR09,479281,5379372,b,0,-0.180973645,-0.413305792,-0.244224744,-1.013014826,2.670216625,-0.46421402,-0.202047601,1.148438576,1.04910376,-0.401908053,-0.56544841,-0.342724967
36,D'Arcy,DAR10,479165,5379482,c,0,-0.180973645,-0.413305792,-0.244224744,-0.138439785,1.54390936,-0.46421402,-0.202047601,0.453234528,1.606905148,-0.401908053,-0.56544841,-0.342724967
37,D'Arcy,DAR11,479098,5379377,b,1,-0.180973645,-0.413305792,-0.244224744,-0.94534601,2.583070439,-0.46421402,-0.202047601,0.754825383,1.737022112,-0.401908053,-0.56544841,-0.342724967
38,Dock (1),DCE04,473677,5391022,b,0,-0.180973645,-0.413305792,-0.244224744,-1.013014826,-0.635999983,0.933669452,-0.202047601,-1.527173424,-0.861400343,-0.404822967,-0.56544841,-0.342724967
46,Dock (2),DCW06,473634,5390936,b,0,-0.180973645,-0.413305792,-0.244224744,-1.013014826,-0.635999983,0.808601023,-0.202047601,-1.527173424,-0.861400343,-0.40482832,-0.56544841,-0.342724967
54,Dock (3),DOC01,473240,5391043,d,0,-0.180973645,-0.413305792,-0.244224744,-1.013014826,-0.635999983,0.09533858,-0.202047601,-1.527173424,-0.861400343,-0.404845435,-0.56544841,-0.342724967
55,Domville,DOM01,476834,5390402,d,1,-0.180973645,-0.363556174,-0.244224744,-1.013014826,-0.635999983,0.807106323,-0.202047601,-1.527173424,-0.80732432,-0.403814443,-0.56544841,-0.342724967
56,Channel North,ECH01,472016,5405424,d,0,-0.180973645,-0.413305792,-0.244224744,-1.013014826,-0.635999983,0.478613999,-0.202047601,-1.527173424,-0.861400343,-0.40484318,-0.56544841,-0.342724967
57,Channel North,ECH02,471944,5405474,d,0,-0.180973645,-0.413305792,-0.244224744,-1.013014826,-0.635999983,0.700949412,-0.202047601,-1.527173424,-0.861400343,-0.404833454,-0.56544841,-0.342724967
58,Galiano,GAL01,473412,5417014,c,0,-0.180973645,-0.413305792,3.200915504,0.472648788,-0.635999983,-0.46421402,-0.202047601,0.02250857,0.732122861,-0.213260986,1.111943991,-0.342724967
59,Galiano,GAL02,464103,5421220,c,0,-0.180973645,-0.413305792,-0.244224744,1.554254883,-0.635999983,-0.46421402,-0.202047601,-1.209385205,1.059338126,-0.213260986,4.711982581,-0.342724967
60,Galiano,GAL03,464351,5421244,c,0,-0.180973645,-0.413305792,-0.244224744,0.98577567,0.096106741,-0.46421402,-0.202047601,0.221788121,1.457718927,-0.213260986,2.85823769,-0.342724967
61,Galiano,GAL04,464575,5421262,c,0,-0.180973645,-0.413305792,-0.244224744,-0.508947823,1.692519874,-0.46421402,1.206574873,0.314069799,1.447535761,-0.213260986,1.539864162,-0.342724967
62,Galiano,GAL05,464851,5421229,c,0,-0.180973645,-0.413305792,-0.244224744,-0.898013309,2.362848839,-0.46421402,0.480753824,1.163124389,-0.010693563,-0.213260986,1.531184623,-0.342724967
63,Galiano,GAL06,465161,5421224,c,0,-0.180973645,-0.413305792,-0.244224744,1.015793823,0.057448349,-0.46421402,-0.202047601,-0.751470854,2.778563692,-0.213260986,1.873477756,-0.342724967
64,Galiano,GAL07,465461,5421166,c,0,-0.180973645,-0.413305792,-0.244224744,1.554254883,-0.635999983,-0.46421402,-0.202047601,-1.356875945,5.956214851,-0.213260986,3.548933027,-0.342724967
65,Galiano,GAL08,465753,5421177,c,0,-0.180973645,-0.413305792,-0.244224744,1.554254883,-0.635999983,-0.46421402,-0.202047601,0.599830056,0.79874864,-0.213260986,1.489535965,-0.342724967
66,Galiano,GAL09,463900,5421278,c,0,-0.180973645,-0.413305792,-0.244224744,1.554254883,-0.635999983,-0.46421402,-0.202047601,-1.296487676,0.757942022,-0.213260986,1.52318454,-0.342724967
67,Galiano,GAL10,463715,5421489,c,0,-0.180973645,-0.413305792,-0.244224744,1.554254883,-0.635999983,-0.46421402,-0.202047601,0.129797251,0.737220133,-0.213260986,2.770076845,-0.342724967
68,Galiano,GAL11,463496,5421691,c,0,-0.180973645,-0.413305792,-0.244224744,1.554254883,-0.635999983,-0.46421402,-0.202047601,0.890905158,0.893440703,-0.213260986,3.057192227,-0.342724967
69,Galiano,GAL12,463230,5421831,c,0,-0.180973645,-0.413305792,-0.244224744,1.106094515,-0.385184845,-0.46421402,1.197204714,-0.169009225,-0.73967738,-0.213260986,-0.56544841,1.546231254
70,Galiano,GAL13,464063,5421340,c,0,-0.180973645,-0.413305792,-0.244224744,1.554254883,-0.635999983,-0.46421402,-0.202047601,-1.288309239,0.365654053,-0.213260986,1.520414803,-0.342724967
71,Galiano,GAL14,464082,5421579,c,0,-0.180973645,-0.413305792,-0.244224744,1.554254883,-0.635999983,-0.46421402,-0.202047601,0.226118775,1.018457551,-0.213260986,1.509066386,-0.342724967
72,Galiano,GAL15,474278,5414562,b,0,-0.180973645,3.469835107,-0.244224744,-1.013014826,-0.635999983,-0.46421402,-0.202047601,-1.148362149,-0.683621613,-0.213260986,-0.56544841,1.558180233
73,Galiano,GAL16,474324,5414444,b,0,-0.180973645,3.469835107,-0.244224744,-1.013014826,-0.635999983,-0.46421402,-0.202047601,-1.527173424,-0.861400343,-0.213260986,-0.56544841,1.713813249
74,Galiano,GAL17,474265,5414132,b,0,-0.180973645,3.000678406,-0.244224744,-0.702819867,-0.635999983,-0.46421402,-0.202047601,-1.359321772,0.06407306,-0.213260986,-0.56544841,1.559194253
75,Galiano,GAL18,474281,5413996,b,0,-0.180973645,2.580639358,-0.244224744,-0.42510982,-0.635999983,-0.46421402,-0.202047601,-1.363925872,0.056131328,-0.213260986,-0.56544841,1.533488752
76,Galiano,GAL19,470437,5416180,b,0,-0.180973645,-0.413305792,-0.244224744,1.046774582,-0.635999983,-0.46421402,-0.202047601,0.05844291,-0.566660275,-0.213260986,1.454704858,-0.342724967
77,Galiano,GAL20,470206,5416100,b,0,-0.180973645,-0.413305792,-0.244224744,0.163578217,-0.635999983,-0.053903898,-0.202047601,-0.07923631,-0.844108873,-0.213260986,0.770989264,-0.342724967
78,Galiano,GAL21,470299,5415900,b,1,-0.180973645,-0.413305792,-0.244224744,0.460178012,-0.635999983,-0.46421402,-0.202047601,0.040188187,-0.49022111,-0.213260986,-0.56544841,-0.342724967
79,Galiano,GAL22,470348,5415736,b,1,-0.180973645,-0.413305792,-0.244224744,0.312500558,-0.635999983,-0.46421402,-0.202047601,-0.460133156,-0.797510934,-0.213260986,-0.56544841,-0.342724967
80,Galiano,GAL23,470104,5415837,b,1,-0.180973645,-0.413305792,-0.244224744,0.875350904,-0.635999983,-0.46421402,-0.202047601,-0.112992844,0.614092007,-0.213260986,-0.56544841,-0.342724967
81,Galiano,GAL24,469968,5416012,b,1,-0.180973645,-0.413305792,-0.244224744,0.919003001,-0.635999983,-0.46421402,-0.202047601,0.761295865,-0.150285422,-0.213260986,-0.56544841,-0.342724967
82,Galiano,GAL25,470150,5416349,b,0,-0.180973645,-0.413305792,-0.244224744,0.40246755,-0.635999983,0.153821899,-0.202047601,0.740127634,-0.846031727,-0.213260986,0.325698998,-0.342724967
83,Galiano,GAL26,474926,5413523,b,1,-0.180973645,-0.413305792,-0.244224744,-1.013014826,2.670216625,-0.46421402,-0.202047601,0.577030913,1.302522362,-0.213260986,-0.56544841,1.273535062
84,Galiano,GAL27,475122,5413630,b,1,-0.180973645,-0.413305792,-0.244224744,-1.013014826,2.670216625,-0.46421402,-0.202047601,1.624610906,-0.199119106,-0.213260986,-0.56544841,-0.342724967
85,Galiano,GAL28,475257,5412736,b,0,-0.180973645,-0.413305792,-0.244224744,0.703987951,-0.635999983,1.446069078,-0.202047601,0.139312538,-0.683621613,-0.213260986,-0.56544841,-0.342724967
86,Galiano,GAL29,475084,5412800,b,0,-0.180973645,-0.413305792,-0.244224744,0.491407727,-0.635999983,1.92365096,-0.202047601,-0.075382016,-0.861400343,-0.213260986,-0.56544841,-0.342724967
87,Galiano,GAL30,474972,5412968,b,1,-0.180973645,-0.413305792,-0.244224744,1.394537139,-0.635999983,-0.105385417,-0.202047601,1.251966283,0.132360003,-0.213260986,-0.56544841,0.772997958
88,Galiano,GAL31,475451,5412666,b,0,-0.180973645,-0.413305792,-0.244224744,0.905025141,-0.635999983,0.994415015,-0.202047601,0.745624777,-0.238961453,-0.213260986,-0.56544841,-0.342724967
89,Halibut,HAL01,479689,5385419,b,0,-0.180973645,-0.32153374,-0.244224744,-1.013014826,-0.635999983,0.450260105,-0.202047601,-1.527173424,-0.861400343,-0.404627126,-0.56544841,-0.342724967
90,Halibut,HAL02,479826,5385323,b,0,-0.180973645,-0.413305792,-0.244224744,-1.013014826,-0.284035923,2.142651066,-0.202047601,-0.578344505,-0.861400343,-0.404627126,-0.56544841,-0.342724967
91,Imrie,IMR01,475487,5393552,b,0,-0.180973645,-0.413305792,-0.244224744,-1.013014826,-0.635999983,0.196081663,-0.202047601,-1.527173424,-0.861400343,-0.404818832,-0.56544841,-0.342724967
98,Isabella,ISEAST,468325,5397412,d,0,-0.180973645,-0.413305792,-0.244224744,-1.013014826,-0.635999983,1.16413565,-0.202047601,-1.527173424,-0.861400343,-0.404838926,-0.56544841,-0.342724967
100,Kerr,SHELL18,472445,5390797,b,0,-0.180973645,-0.413305792,-0.244224744,-1.013014826,-0.635999983,4.11068464,-0.202047601,-0.021501123,-0.861400343,-0.404664191,-0.56544841,-0.342724967
101,Kerr,KER02,472377,5390776,b,0,-0.180973645,-0.413305792,-0.244224744,-1.013014826,-0.635999983,2.543558687,-0.202047601,-0.401527715,-0.861400343,-0.404664191,-0.56544841,-0.342724967
102,Kerr,KER03,472557,5390849,b,0,-0.180973645,-0.413305792,-0.244224744,-1.013014826,-0.635999983,3.627369389,-0.202047601,-0.866847908,-0.745775901,-0.404664191,-0.56544841,-0.342724967
103,Kerr,KER08,472622,5390843,b,0,-0.180973645,-0.413305792,-0.244224744,-1.013014826,-0.635999983,2.46659293,-0.202047601,-1.249068583,-0.861400343,-0.404664191,-0.56544841,-0.342724967
108,Kerr,KER09,472500,5390832,b,0,-0.180973645,-0.413305792,-0.244224744,-1.013014826,-0.635999983,4.064685756,-0.202047601,-0.468446146,-0.699513609,-0.404664191,-0.56544841,-0.342724967
113,Kerr,SHELL20,472500,5390893,d,0,-0.180973645,-0.413305792,-0.244224744,-1.013014826,-0.635999983,2.848411283,-0.202047601,-0.614301633,-0.654790169,-0.404664191,-0.56544841,-0.342724967
124,Little D'Arcy,LDA02,480225,5379718,b,1,-0.180973645,-0.302988639,-0.244224744,-1.013014826,0.784966512,0.070471751,-0.100561577,-0.131599141,-0.807133741,-0.404451253,-0.56544841,-0.342724967
125,Little D'Arcy,LDA03,480405,5379776,b,0,-0.180973645,-0.413305792,-0.055598498,-1.013014826,1.222761267,0.134789968,0.176170446,-0.395537935,-0.618634242,-0.404451253,-0.56544841,-0.342724967
126,Little D'Arcy,LDA04,480457,5379574,b,0,-0.180973645,-0.413305792,-0.244224744,-1.013014826,0.333443488,1.057877024,0.237737247,-0.848149377,-0.861400343,-0.404451253,-0.56544841,-0.342724967
127,Little Shell,LSH07,472199,5390857,b,0,-0.180973645,-0.413305792,-0.244224744,-1.013014826,-0.635999983,0.322130977,-0.202047601,-1.527173424,-0.861400343,-0.404811347,-0.56544841,-0.342724967
135,Mandarte,MAN01,478692,5386868,b,0,-0.180973645,-0.413305792,-0.244224744,-1.013014826,-0.635999983,3.092858645,-0.202047601,-1.527173424,-0.861400343,-0.404598557,-0.56544841,-0.342724967
136,Mandarte,MAN02,478850,5386776,b,0,-0.180973645,-0.413305792,-0.244224744,-1.013014826,-0.635999983,3.237833467,-0.202047601,-1.527173424,-0.861400343,-0.404598557,-0.56544841,-0.342724967
137,Mandarte,MAN03,478628,5386911,b,0,-0.180973645,-0.413305792,-0.244224744,-1.013014826,-0.635999983,2.751839304,-0.202047601,-1.527173424,-0.861400343,-0.404598557,-0.56544841,-0.342724967
139,Mandarte,MAN05,479031,5386675,b,0,-0.180973645,-0.413305792,-0.244224744,-1.013014826,-0.635999983,2.997736671,-0.202047601,-1.527173424,-0.861400343,-0.404598557,-0.56544841,-0.342724967
143,Mayne,May-30,479383,5409832,c,0,-0.180973645,-0.413305792,-0.244224744,1.467012057,-0.523645725,-0.46421402,-0.202047601,1.030189248,1.181300023,-0.32776768,-0.56544841,-0.342724967
144,Mayne,May-01,481521,5410470,b,0,-0.180973645,0.464874197,2.197333336,0.200098865,-0.635999983,-0.46421402,-0.163353069,-0.76856994,-0.861400343,-0.32776768,-0.56544841,2.382567564
145,Mayne,May-02,481576,5410672,b,0,-0.180973645,0.049306906,0.746049912,0.327299509,-0.034388762,-0.316168346,-0.202047601,0.95334102,-0.618642776,-0.32776768,1.566315751,0.508520687
146,Mayne,May-03,481843,5410515,b,0,-0.180973645,-0.413305792,-0.244224744,-1.013014826,1.306536671,-0.46421402,-0.202047601,0.025096545,-0.750281526,-0.32776768,-0.56544841,-0.342724967
147,Mayne,May-04,482047,5410443,b,0,-0.180973645,-0.413305792,0.361333487,-1.013014826,0.271910493,-0.33708515,-0.202047601,-1.139661777,-0.861400343,-0.32776768,-0.56544841,-0.342724967
148,Mayne,May-05,481408,5410362,b,0,-0.180973645,2.662254109,-0.244224744,-0.479116444,-0.635999983,-0.46421402,-0.202047601,-1.119172822,-0.861400343,-0.32776768,-0.56544841,2.893696453
149,Mayne,May-06,479978,5409963,b,0,-0.180973645,0.177529885,-0.244224744,0.14497862,0.291239063,0.206779248,-0.202047601,0.543778952,0.572892853,-0.32776768,-0.56544841,1.301812127
150,Mayne,May-07,480055,5409762,b,0,-0.180973645,0.589008632,-0.244224744,0.308584761,0.032593052,-0.320734683,-0.202047601,-0.345793462,-0.592032855,-0.32776768,-0.56544841,2.888306917
151,Mayne,May-08,480175,5409674,c,0,-0.180973645,0.985379142,-0.244224744,-0.16519321,0.387452801,-0.46421402,-0.202047601,-0.656991838,-0.211424238,-0.32776768,-0.56544841,1.577587291
152,Mayne,May-09,480285,5409507,b,0,-0.180973645,1.129327575,-0.244224744,0.362034228,-0.414080386,-0.46421402,-0.202047601,-0.676766793,-0.206673991,-0.32776768,-0.56544841,1.531583155
153,Mayne,May-10,480417,5409342,c,0,-0.180973645,1.739247533,-0.244224744,-0.598714368,0.303887714,-0.46421402,-0.202047601,-0.4196978,-0.861400343,-0.32776768,-0.56544841,1.543483471
154,Mayne,May-11,480638,5409238,b,0,-0.180973645,2.638258153,-0.244224744,-1.012173832,0.070936726,-0.46421402,-0.202047601,-0.874012857,-0.861400343,-0.32776768,-0.56544841,1.566333011
155,Mayne,May-12,480836,5409123,c,0,-0.180973645,0.989183499,2.562930145,-0.254292921,-0.635999983,-0.46421402,-0.202047601,-0.818006243,-0.683621613,-0.32776768,0.091328116,1.574490192
156,Mayne,May-13,480969,5408947,b,0,-0.180973645,2.327524304,0.799004536,-0.644366861,-0.635999983,-0.46421402,0.124114001,-1.244527418,-0.829735818,-0.32776768,-0.56544841,1.546335029
157,Mayne,May-14,481007,5408742,c,0,-0.180973645,0.287850453,-0.244224744,1.09068967,-0.635999983,-0.46421402,-0.202047601,-0.038289869,1.045727386,-0.32776768,-0.56544841,1.52989764
158,Mayne,May-15,481122,5408714,b,0,-0.180973645,-0.285153042,-0.244224744,1.469524438,-0.635999983,-0.46421402,-0.202047601,-0.079021459,2.119550739,-0.32776768,-0.258536502,1.919057705
159,Mayne,May-16,481195,5408694,c,1,-0.180973645,-0.038761066,-0.244224744,1.30662652,-0.635999983,-0.46421402,-0.202047601,0.128953039,1.5917072,-0.32776768,0.19902886,1.97504488
160,Mayne,May-17,481065,5408554,b,1,-0.180973645,0.092242161,-0.158850641,1.193199976,-0.635999983,-0.46421402,-0.202047601,0.731874325,-0.829903641,-0.32776768,-0.56544841,1.519857035
161,Mayne,May-18,481158,5408416,c,0,-0.180973645,0.179973645,0.893514764,0.780399116,-0.635999983,-0.46421402,-0.202047601,0.08859364,0.198163734,-0.32776768,1.478527926,1.546846743
162,Mayne,May-19,479443,5410030,c,0,-0.180973645,0.180618232,1.252221265,0.67400392,-0.613106233,-0.46421402,-0.202047601,0.405486648,1.38776513,-0.32776768,-0.232610538,-0.342724967
163,Mayne,May-20,479404,5410083,b,0,-0.180973645,0.823656647,2.068206754,-0.009738684,-0.609925597,-0.46421402,-0.202047601,-0.241351011,1.846713011,-0.32776768,-0.51715792,-0.342724967
164,Mayne,May-21,479327,5409988,b,0,-0.180973645,-0.409569337,0.487116797,1.322185734,-0.635999983,-0.46421402,-0.202047601,0.619458522,1.936216779,-0.32776768,-0.56544841,-0.342724967
165,Mayne,May-22,479232,5409935,c,0,-0.180973645,-0.413305792,-0.244224744,1.541684891,-0.619811923,-0.46421402,-0.202047601,1.717976603,-0.454517452,-0.32776768,-0.56544841,-0.342724967
166,Mayne,May-23,479039,5409940,b,0,-0.180973645,-0.413305792,-0.244224744,1.472453379,-0.530653245,-0.46421402,-0.202047601,0.730334561,1.668658368,-0.32776768,-0.56544841,-0.342724967
167,Mayne,May-24,478855,5410018,c,1,-0.180973645,-0.413305792,-0.244224744,1.554254883,-0.635999983,-0.46421402,-0.202047601,1.215161689,0.265233249,-0.32776768,-0.56544841,-0.342724967
168,Mayne,May-25,478989,5410158,b,0,-0.180973645,-0.068246933,-0.244224744,1.326145277,-0.635999983,-0.46421402,-0.202047601,0.988193511,1.351219512,-0.32776768,-0.56544841,-0.342724967
169,Mayne,May-26,479121,5410209,c,1,-0.180973645,-0.258997742,-0.244224744,1.452234014,-0.635999983,-0.46421402,-0.202047601,0.679232621,2.279065194,-0.32776768,-0.56544841,-0.342724967
170,Mayne,May-27,479201,5410096,b,0,-0.180973645,-0.413305792,-0.180030379,1.534100982,-0.635999983,-0.46421402,-0.202047601,1.029888674,1.226208353,-0.32776768,-0.56544841,-0.342724967
171,Mayne,May-28,479236,5409989,c,1,-0.180973645,-0.413305792,-0.244224744,1.554254883,-0.635999983,-0.46421402,-0.202047601,1.587553481,-0.344707086,-0.32776768,-0.56544841,-0.342724967
172,Mayne,May-29,479252,5409847,b,0,-0.180973645,-0.413305792,-0.244224744,0.685769445,0.482464887,-0.46421402,-0.202047601,1.379716791,0.314729692,-0.32776768,-0.56544841,-0.342724967
173,Owl (moondance),MOO01,470590,5408275,c,0,-0.180973645,-0.413305792,-0.244224744,-1.013014826,-0.635999983,1.539033859,-0.202047601,-0.916801807,-0.150285422,-0.404792758,-0.56544841,-0.342724967
174,Owl (moondance),MOO02,470662,5408218,c,0,-0.180973645,-0.413305792,-0.244224744,-1.013014826,-0.635999983,1.124375382,-0.202047601,-1.114529657,-0.794302384,-0.404792758,-0.56544841,-0.342724967
175,Moresby Island,MOR01,477737,5394335,b,0,-0.180973645,-0.413305792,-0.244224744,0.311082762,0.215353718,-0.46421402,-0.140012317,0.17454156,-0.569774958,-0.384889109,-0.56544841,-0.342724967
176,Moresby,MOR02,477643,5394342,b,0,-0.180973645,-0.413305792,-0.244224744,-0.524348895,1.165807382,-0.46421402,-0.202047601,-0.290598506,-0.402839308,-0.384889109,-0.56544841,-0.342724967
177,Moresby,MOR03,477535,5394467,b,0,-0.180973645,-0.413305792,-0.244224744,0.275004191,0.59035807,-0.037973737,-0.202047601,-0.86118583,5.102404765,-0.384889109,-0.56544841,-0.342724967
178,Moresby,MOR04,477566,5394644,b,0,-0.180973645,-0.413305792,-0.244224744,0.628984868,-0.28109625,0.995383659,-0.202047601,0.183206124,1.904663188,-0.384889109,-0.56544841,-0.342724967
179,Moresby,MOR05,477465,5394660,b,0,-0.180973645,-0.413305792,-0.244224744,-0.064963775,-0.299826604,2.587284455,-0.202047601,-0.354677217,0.146533946,-0.384889109,-0.56544841,-0.342724967
180,Moresby,MOR06,477299,5394726,b,0,-0.180973645,-0.413305792,-0.244224744,-0.481505642,-0.635999983,4.109555907,-0.202047601,-0.288968678,-0.861400343,-0.384889109,-0.56544841,-0.342724967
181,Moresby,MOR07,477116,5394731,b,0,-0.180973645,-0.413305792,-0.244224744,0.052386497,-0.635999983,2.910125877,-0.202047601,-0.231946405,-0.774445211,-0.384889109,-0.56544841,-0.342724967
182,Moresby,MOR08,477147,5394873,b,0,-0.180973645,-0.413305792,-0.244224744,-1.003238505,0.623111031,3.085065206,-0.202047601,0.451510296,0.015429955,-0.384889109,-0.56544841,-0.342724967
183,Moresby,MOR09,477293,5394953,b,0,-0.180973645,-0.413305792,-0.244224744,-1.013014826,1.817215517,1.02383549,-0.202047601,1.272450897,-0.642089657,-0.384889109,-0.56544841,-0.342724967
184,Moresby,MOR10,477372,5394806,b,1,-0.180973645,-0.413305792,-0.244224744,-1.013014826,-0.423200342,4.932319661,-0.202047601,0.253905062,-0.829727284,-0.384889109,-0.56544841,-0.342724967
185,Moresby,MOR11,477888,5396455,b,0,-0.180973645,-0.413305792,-0.244224744,0.514170237,-0.635999983,-0.46421402,-0.202047601,-0.621505646,-0.053633526,-0.384889109,-0.56544841,-0.342724967
186,Moresby,MOR12,477822,5396528,b,0,-0.180973645,-0.413305792,-0.244224744,0.80001816,-0.635999983,-0.013294292,-0.202047601,-0.321216917,0.849488112,-0.384889109,-0.56544841,-0.342724967
187,Moresby,MOR13,477736,5396607,b,1,-0.180973645,-0.413305792,-0.244224744,0.01315141,-0.635999983,1.274108991,-0.202047601,-0.171967221,-0.497915373,-0.384889109,-0.56544841,-0.342724967
188,Moresby,MOR14,477679,5396456,b,0,-0.180973645,-0.413305792,-0.244224744,1.554254883,-0.635999983,-0.46421402,-0.202047601,0.055738828,2.431852501,-0.384889109,-0.56544841,-0.342724967
189,Moresby,MOR15,477532,5396574,b,0,-0.180973645,-0.380153195,-0.244224744,0.884787422,-0.635999983,-0.46421402,-0.202047601,-0.532806985,0.884765101,-0.384889109,-0.56544841,-0.342724967
190,Moresby,MOR16,477427,5396639,b,0,-0.180973645,0.833935554,-0.244224744,0.553838784,-0.635999983,-0.46421402,-0.202047601,-0.57457485,-0.158255598,-0.384889109,-0.56544841,-0.342724967
191,Moresby,MOR17,477268,5396792,d,0,-0.180973645,3.443754934,-0.244224744,-1.013014826,-0.61378214,-0.46421402,-0.202047601,-1.492586784,-0.861400343,-0.384889109,-0.56544841,-0.342724967
192,Moresby,MOR18,477740,5396374,b,0,-0.180973645,-0.413305792,-0.244224744,1.113911179,-0.635999983,-0.46421402,-0.202047601,-0.039103698,0.36769922,-0.384889109,-0.56544841,-0.342724967
193,Moresby,MOR19,477639,5396345,b,1,-0.180973645,-0.413305792,-0.244224744,1.554254883,-0.635999983,-0.46421402,-0.202047601,0.521655829,1.532701728,-0.384889109,-0.56544841,-0.342724967
194,Moresby,MOR20,477493,5396244,b,0,-0.180973645,-0.413305792,-0.244224744,1.55425474,-0.635999983,-0.46421402,-0.202047601,-0.279711647,3.470111575,-0.384889109,-0.56544841,-0.342724967
195,Moresby,MOR21,475947,5396886,b,0,-0.180973645,2.74972658,-0.244224744,-0.6931887,-0.635999983,-0.46421402,-0.202047601,-1.101451971,-0.861400343,-0.384889109,1.847582521,-0.342724967
196,Moresby,MOR22,476134,5396952,b,0,-0.180973645,3.10814562,-0.244224744,-1.013014826,-0.328043407,-0.46421402,-0.202047601,-1.527173424,-0.861400343,-0.384889109,-0.56544841,-0.342724967
197,Moresby,MOR23,476371,5396888,b,0,-0.180973645,3.089900188,-0.244224744,-1.013014826,-0.312499337,-0.46421402,-0.202047601,-1.191326886,-0.861400343,-0.384889109,0.643378872,-0.342724967
198,Moresby,MOR24,476538,5396680,b,0,-0.180973645,0.473438667,-0.244224744,-0.005515056,0.334952939,-0.46421402,1.010322969,-0.040549058,-0.861400343,-0.384889109,1.71004867,-0.342724967
199,Moresby,MOR25,476544,5396543,b,0,-0.180973645,0.616109845,-0.244224744,0.407953982,-0.635999983,-0.46421402,2.36942835,0.382697271,-0.861400343,-0.384889109,0.462143974,-0.342724967
200,Moresby,MOR26,476581,5396375,b,0,-0.180973645,0.304678381,-0.244224744,0.68637365,-0.635999983,0.419117335,-0.202047601,1.444966331,-0.525426987,-0.384889109,-0.56544841,-0.342724967
201,Moresby,MOR27,476729,5396607,b,0,-0.180973645,-0.411743949,-0.244224744,0.703732582,-0.635999983,-0.46421402,4.488560378,1.330974956,-0.599232183,-0.384889109,-0.56544841,-0.342724967
202,Moresby,MOR28,476393,5396399,b,0,-0.180973645,3.191029471,-0.244224744,-0.985529907,-0.433986839,-0.46421402,-0.202047601,-1.404472995,-0.861400343,-0.384889109,-0.56544841,-0.342724967
203,Moresby,MOR29,476296,5396553,b,0,-0.180973645,2.463684413,-0.244224744,-1.013014826,0.22064668,-0.46421402,-0.202047601,-0.997404498,-0.861400343,-0.384889109,-0.56544841,-0.342724967
204,Moresby,MOR30,476232,5396685,b,0,-0.180973645,1.885819499,-0.244224744,-0.291446501,-0.635999983,-0.053045146,0.58585007,-0.671475821,-0.861400343,-0.384889109,-0.56544841,-0.342724967
205,Musclow Islet,MUS01,470749,5392397,d,0,-0.180973645,-0.413305792,-0.244224744,-1.013014826,-0.635999983,-0.46421402,-0.202047601,-1.391535287,-0.861400343,-0.404844834,-0.56544841,-0.342724967
206,Pender North,PEN01,479717,5401509,b,1,-0.180973645,-0.413305792,-0.244224744,1.554254883,-0.635999983,-0.46421402,-0.202047601,1.400860064,0.38741417,-0.315754795,-0.56544841,-0.342724967
207,Pender North,PEN02,479558,5401396,b,0,-0.180973645,-0.413305792,0.296757932,1.335518772,-0.573032739,-0.46421402,-0.202047601,1.277240551,0.15364794,-0.315754795,-0.56544841,-0.342724967
208,Pender North,PEN03,478580,5404387,b,0,-0.081868781,0.669898895,-0.244224744,0.25344885,-0.635999983,-0.46421402,2.811817719,-0.114538034,0.383050769,-0.315754795,-0.56544841,1.674543398
209,Pender North,PEN04,477333,5403685,b,0,-0.180973645,-0.413305792,-0.244224744,1.273015002,-0.635999983,0.167633392,-0.202047601,1.527327978,0.055895238,-0.315754795,2.605538565,-0.342724967
210,Pender North,PEN05,477433,5403532,b,0,-0.180973645,-0.413305792,-0.244224744,1.398348543,-0.635999983,-0.113960227,-0.202047601,1.379104792,0.444442742,-0.315754795,1.812643715,-0.342724967
211,Pender North,PEN06,477628,5403352,b,0,-0.180973645,-0.413305792,-0.244224744,0.217142759,-0.635999983,-0.46421402,7.181319516,-0.206712286,-0.367573697,-0.315754795,0.04551075,-0.342724967
212,Pender North,PEN07,477500,5403336,b,0,-0.180973645,-0.413305792,-0.244224744,1.01968968,-0.635999983,0.543385001,0.27325109,1.315952761,0.195251007,-0.315754795,0.804632931,-0.342724967
213,Pender North,PEN08,477395,5404601,b,0,-0.180973645,0.897980858,-0.244224744,0.080270884,-0.498282163,-0.46421402,-0.202047601,-0.705107568,1.226299376,-0.315754795,1.483637661,-0.342724967
214,Pender North,PEN09,477176,5404695,b,0,-0.180973645,-0.40441062,-0.244224744,-1.013014826,0.42499968,-0.46421402,-0.202047601,-0.41603557,-0.683621613,-0.315754795,-0.56544841,-0.342724967
215,Pender North,PEN10,479220,5404571,b,0,-0.180973645,2.275189701,-0.244224744,-0.223234931,-0.635999983,-0.46421402,-0.202047601,-1.212164159,-0.861400343,-0.315754795,-0.56544841,0.397642762
216,Pender North,PEN11,479105,5404462,c,0,-0.180973645,2.818025176,-0.244224744,-0.582075977,-0.635999983,-0.46421402,-0.202047601,-1.361630875,-0.861400343,-0.315754795,-0.56544841,1.569546919
217,Pender North,PEN12,479502,5402991,b,0,-0.180973645,2.708403855,-0.244224744,-0.509602078,-0.635999983,-0.46421402,-0.202047601,-1.4091715,-0.336284641,-0.315754795,-0.56544841,1.560141414
218,Pender North,PEN13,479371,5403157,c,0,-0.180973645,2.060970916,-0.244224744,-0.339637556,-0.303618305,-0.46421402,-0.202047601,-1.072493771,-0.167909694,-0.315754795,-0.56544841,1.607918868
219,Pender South,PEN14,483218,5400517,c,0,-0.180973645,-0.147824573,-0.244224744,-0.526796027,1.818044549,-0.46421402,-0.202047601,0.424707115,1.390046386,-0.374749255,3.190653945,-0.342724967
220,Pender South,PEN15,483282,5400399,b,0,-0.180973645,-0.413305792,-0.244224744,-0.109334542,1.118850814,0.009382896,0.295720963,0.496151519,1.213394062,-0.374749255,1.274448102,-0.342724967
221,Pender South,PEN16,483187,5400427,c,0,-0.180973645,-0.413305792,-0.244224744,-0.378685512,1.853305919,-0.46421402,-0.202047601,0.16819261,2.336918659,-0.374749255,2.861721393,-0.342724967
222,Pender South,PEN17,483022,5400471,b,0,-0.180973645,-0.413305792,-0.244224744,-0.264135542,1.7057846,-0.46421402,-0.202047601,1.583702443,-0.546527189,-0.374749255,1.491781064,-0.342724967
223,Pender South,PEN18,482890,5400424,c,0,-0.180973645,-0.413305792,-0.244224744,1.07028169,-0.012722965,-0.46421402,-0.202047601,0.184176208,0.786471953,-0.374749255,1.609935499,-0.342724967
224,Pender South,PEN19,482762,5400484,b,0,-0.180973645,-0.413305792,-0.244224744,1.291423213,-0.297516485,-0.46421402,-0.202047601,-0.519729298,-0.221948739,-0.374749255,1.511185777,-0.342724967
225,Pender South,PEN20,482695,5400609,c,0,-0.180973645,-0.413305792,-0.244224744,1.554254883,-0.635999983,-0.46421402,-0.202047601,-0.130894908,0.035284283,-0.374749255,2.251972594,-0.342724967
226,Pender South,PEN21,482624,5400661,b,0,-0.180973645,-0.413305792,-0.244224744,1.101464984,-0.052881863,-0.46421402,-0.202047601,0.246455815,-0.382885424,-0.374749255,1.545725116,-0.342724967
227,Pender South,PEN22,482494,5400700,c,0,-0.180973645,-0.413305792,-0.244224744,0.302545149,0.695639844,0.024898171,-0.202047601,1.4195,-0.735734959,-0.374749255,1.574869948,-0.342724967
228,Pender South,PEN23,485281,5399608,c,0,-0.180973645,1.170953798,-0.244224744,0.116625722,-0.133483688,-0.46421402,-0.202047601,-0.485867509,-0.384119919,-0.374749255,-0.56544841,1.566765278
229,Pender South,PEN24,485091,5399629,b,0,-0.023945825,2.039835713,-0.244224744,-0.129196297,-0.635999983,-0.46421402,-0.202047601,-0.687107845,-0.861024874,-0.374749255,-0.56544841,2.004182059
230,Pender South,PEN25,484934,5399607,c,0,-0.099771421,2.879529495,-0.244224744,-0.654622993,-0.635999983,-0.46421402,-0.202047601,-1.283432776,-0.820033366,-0.374749255,-0.56544841,1.741307067
231,Pender South,PEN26,484833,5399622,b,0,-0.180973645,3.016930787,-0.244224744,-0.810770527,-0.510876603,-0.46421402,-0.202047601,-1.326087173,-0.469356998,-0.374749255,-0.56544841,1.27792278
232,Pender South,PEN27,484718,5399626,c,0,-0.180973645,3.227551285,0.010462446,-0.932810853,-0.635999983,-0.46421402,-0.202047601,-1.461163225,-0.849231745,-0.374749255,-0.56544841,0.860862068
233,Pender South,PEN28,484566,5399600,b,0,-0.180973645,2.356106349,1.374944045,-0.785050243,-0.635999983,-0.46421402,-0.202047601,-1.431173091,-0.861400343,-0.374749255,-0.56544841,-0.342724967
234,Pender South,PEN29,484652,5399544,c,0,-0.180973645,2.297698213,0.138859933,-0.358328458,-0.635999983,-0.46421402,-0.202047601,-1.058269128,-0.856001559,-0.374749255,-0.56544841,-0.342724967
235,Pender South,PEN30,484874,5399499,b,0,-0.180973645,2.138352107,-0.024920696,-0.343503279,-0.453203233,-0.46421402,-0.202047601,-0.952985721,-0.734216017,-0.374749255,-0.56544841,-0.342724967
236,Pender North,PEN31,476782,5405527,b,1,0.561408734,-0.087681872,0.117042218,0.934272751,-0.635999983,-0.46421402,-0.202047601,-0.387974752,0.084757971,-0.315754795,-0.56544841,2.658353048
237,Pender North,PEN32,476516,5405716,b,0,-0.180973645,1.545189965,-0.244224744,0.259417522,-0.635999983,-0.46421402,-0.202047601,0.190705285,-0.589552487,-0.315754795,-0.56544841,1.562386007
238,Pender North,PEN33,476334,5405819,b,1,-0.180973645,1.275469742,-0.244224744,0.437724056,-0.635999983,-0.46421402,-0.202047601,0.298098137,0.113734481,-0.315754795,-0.56544841,1.566316563
239,Pender North,PEN34,477230,5405378,b,1,-0.180973645,0.018427167,-0.244224744,0.545557663,-0.635999983,0.832358189,-0.202047601,-0.229002515,-0.394354285,-0.315754795,-0.56544841,1.599296493
240,Pender North,PEN35,477429,5405383,b,1,-0.180973645,-0.124443875,-0.244224744,1.157888297,-0.561752024,-0.132356235,-0.202047601,0.84095777,-0.48543104,-0.315754795,-0.56544841,2.673267008
241,Pender North,PEN36,477294,5405489,b,1,-0.180973645,-0.413305792,-0.244224744,0.280898055,-0.260594762,1.741735485,-0.202047601,1.196185371,-0.474098712,-0.315754795,-0.56544841,-0.342724967
242,Pender North,PEN37,477448,5405548,b,1,-0.180973645,2.141616593,-0.244224744,-0.502706153,-0.210448132,-0.441672933,-0.050959341,-0.88039436,-0.297540255,-0.315754795,-0.56544841,1.299731416
243,Pender North,PEN38,477126,5405799,b,0,-0.087374131,1.925556795,-0.244224744,-0.379764163,-0.183964649,-0.46421402,-0.202047601,-1.321285583,-0.588628037,-0.315754795,-0.56544841,0.837514367
244,Pender North,PEN39,477142,5406046,b,0,-0.180973645,2.357926663,-0.244224744,-0.842531825,-0.04799159,-0.46421402,0.394478855,-1.518348264,-0.861400343,-0.315754795,0.239582519,1.718270796
245,Pender North,PEN40,477018,5406183,b,0,-0.180973645,1.759836868,-0.244224744,-0.472417173,0.047256136,-0.46421402,0.12575718,-0.527297906,-0.830409955,-0.315754795,-0.56544841,1.557890309
246,Pender North,PEN41,476872,5406121,b,0,-0.180973645,2.143553049,-0.244224744,-0.423251256,-0.635999983,-0.46421402,1.383284147,-0.629420402,-0.087843843,-0.315754795,1.490182818,-0.342724967
247,Pender North,PEN42,476686,5406316,b,0,-0.180973645,1.994934525,-0.244224744,-0.830095173,-0.020866544,-0.46421402,-0.202047601,-0.562199227,-0.861400343,-0.315754795,-0.56544841,1.629602793
248,Piers,PIE01,468889,5394740,d,1,-0.180973645,-0.413305792,-0.244224744,1.554254883,-0.635999983,-0.46421402,-0.202047601,0.694259157,2.111486696,-0.401306672,1.467209342,-0.342724967
249,Piers,PIE02,468900,5394929,d,1,-0.180973645,-0.413305792,-0.244224744,1.527088562,-0.635999983,-0.46421402,-0.202047601,1.353307504,0.169090511,-0.401306672,1.522444912,-0.342724967
250,Piers,PIE19,469021,5395041,d,0,-0.180973645,-0.367830175,-0.244224744,1.249705388,-0.635999983,-0.46421402,-0.202047601,0.771605448,0.171462791,-0.401306672,1.53810208,-0.342724967
251,Piers,PIE13,469059,5394394,d,0,-0.180973645,-0.413305792,-0.244224744,1.554254883,-0.635999983,-0.46421402,-0.202047601,1.213805307,-0.778967901,-0.401306672,1.508288838,-0.342724967
252,Piers,PIE05,469249,5394832,d,0,-0.180973645,-0.413305792,-0.244224744,1.554254883,-0.635999983,-0.46421402,-0.202047601,0.832197717,1.345934506,-0.401306672,-0.56544841,-0.342724967
253,Piers,PIER8,469189,5394701,d,0,-0.180973645,-0.413305792,-0.244224744,1.554254883,-0.635999983,-0.46421402,-0.202047601,1.330774211,0.571134977,-0.401306672,-0.56544841,-0.342724967
254,Piers,PIE07,469141,5394574,d,0,-0.180973645,-0.413305792,-0.244224744,1.554254883,-0.635999983,-0.46421402,-0.202047601,1.390060013,0.415725077,-0.401306672,-0.56544841,-0.342724967
255,Piers,PIE08,469099,5394685,d,1,-0.180973645,-0.413305792,-0.244224744,1.554254883,-0.635999983,-0.46421402,-0.202047601,0.977920821,1.390194298,-0.401306672,-0.56544841,-0.342724967
256,Piers,PIER9,468829,5394787,d,0,-0.180973645,-0.413305792,-0.244224744,1.40391648,-0.635999983,-0.46421402,-0.202047601,0.745435969,0.677628703,-0.401306672,1.273007435,-0.342724967
257,Piers,PIE10,468845,5394628,d,0,-0.180973645,-0.413305792,-0.244224744,1.474821177,-0.635999983,-0.46421402,-0.202047601,1.078025021,1.16755275,-0.401306672,1.466306143,-0.342724967
258,Piers,PIE11,468982,5394557,d,0,-0.180973645,-0.413305792,-0.244224744,1.554254883,-0.635999983,-0.46421402,-0.202047601,1.153532059,0.189203686,-0.401306672,0.813481819,-0.342724967
261,Piers,PIE14,469177,5394390,d,0,-0.180973645,-0.413305792,-0.244224744,1.554254883,-0.635999983,-0.46421402,-0.202047601,1.641417013,-0.618654154,-0.401306672,0.946712991,-0.342724967
262,Piers,PIE15,469519,5394364,d,1,-0.180973645,-0.413305792,-0.244224744,1.520989713,-0.635999983,-0.46421402,-0.202047601,0.709777245,0.214866401,-0.401306672,1.491262468,-0.342724967
263,Piers,PIE16,469679,5394545,d,1,-0.180973645,-0.413305792,-0.244224744,1.554254883,-0.635999983,-0.46421402,-0.202047601,0.489178634,0.231790936,-0.401306672,0.298941528,-0.342724967
264,Piers,PIE17,469606,5394801,d,0,-0.180973645,-0.413305792,-0.244224744,1.554254883,-0.635999983,-0.46421402,-0.202047601,1.462678502,0.069784735,-0.401306672,0.528488932,-0.342724967
265,Piers,PIE18,469483,5394937,d,0,-0.180973645,2.230315001,-0.244224744,-0.19349528,-0.635999983,-0.46421402,-0.202047601,-0.15538573,-0.518739663,-0.401306672,-0.56544841,-0.342724967
268,Piers,PIE21,468939,5394482,d,0,-0.180973645,-0.413305792,-0.244224744,1.482420284,-0.635999983,-0.46421402,-0.202047601,0.37055386,0.349378055,-0.401306672,1.501829513,-0.342724967
269,Piers,PIE22,469230,5394469,d,0,-0.180973645,-0.413305792,-0.244224744,1.554254883,-0.635999983,-0.46421402,-0.202047601,1.272571344,0.723706105,-0.401306672,-0.56544841,-0.342724967
270,Piers,PIE23,469280,5394740,d,0,-0.180973645,-0.413305792,-0.244224744,1.554254883,-0.635999983,-0.46421402,-0.202047601,0.638673563,2.28295357,-0.401306672,-0.56544841,-0.342724967
271,Piers,PIE24,469055,5394901,d,0,-0.180973645,-0.413305792,-0.244224744,1.554254883,-0.635999983,-0.46421402,-0.202047601,0.870239331,1.683384136,-0.401306672,-0.56544841,-0.342724967
272,Piers,PIE25,469050,5395090,d,0,-0.180973645,0.185417813,-0.244224744,0.59908494,-0.635999983,-0.46421402,-0.202047601,0.012961815,-0.397224345,-0.401306672,1.294150189,-0.342724967
273,Portland,POR01,471794,5396623,c,1,-0.180973645,-0.413305792,0.232850609,-1.013014826,1.365575968,0.154900409,-0.202047601,-0.391995067,0.233372456,-0.397421779,-0.56544841,-0.342724967
274,Portland,POR02,471903,5396553,b,1,-0.180973645,-0.413305792,-0.244224744,-1.013014826,1.734692665,-0.226229748,-0.202047601,0.563436716,0.373698185,-0.397421779,-0.56544841,-0.342724967
276,Portland,POR04,472037,5396389,b,0,-0.180973645,-0.413305792,-0.244224744,0.284445733,0.331762773,-0.057692885,-0.202047601,1.114243659,-0.341731781,-0.397421779,-0.56544841,-0.342724967
277,Portland,POR05,471995,5396425,c,0,-0.180973645,-0.413305792,-0.244224744,-0.234394378,0.692575032,-0.276168579,-0.202047601,0.705738484,-0.440030619,-0.397421779,-0.56544841,-0.342724967
278,Portland,POR06,472210,5396301,b,1,-0.180973645,-0.413305792,-0.244224744,0.52604818,0.13891931,0.116938541,-0.202047601,1.632337939,-0.861286565,-0.397421779,-0.56544841,-0.342724967
279,Portland,POR07,472307,5396160,c,0,-0.180973645,-0.413305792,-0.244224744,0.442111082,-0.4647018,-0.318828706,-0.202047601,0.608355727,-0.861400343,-0.397421779,-0.56544841,-0.342724967
280,Portland,POR08,472529,5396197,b,1,-0.180973645,-0.413305792,-0.244224744,-0.406374065,1.221818153,-0.076491353,-0.202047601,0.080305608,0.835675416,-0.397421779,-0.56544841,-0.342724967
281,Portland,POR09,472673,5396300,c,1,-0.180973645,-0.413305792,-0.244224744,-0.303370825,-0.628708963,1.66705684,-0.202047601,-0.559316102,-0.683621613,-0.397421779,-0.56544841,-0.342724967
282,Portland,POR10,472766,5396536,b,0,-0.180973645,-0.413305792,1.792759366,0.0896666,0.186838207,-0.46421402,-0.202047601,-0.487497336,1.998718092,-0.397421779,-0.56544841,-0.342724967
283,Portland,POR11,472773,5396692,c,0,-0.180973645,-0.413305792,-0.056192814,1.495222023,-0.635999983,-0.46421402,-0.202047601,0.647037553,2.30009144,-0.397421779,-0.56544841,-0.342724967
284,Portland,POR12,473037,5396559,b,1,-0.180973645,-0.413305792,-0.244224744,-0.225642144,-0.07863493,1.481090597,-0.202047601,-0.270259296,0.224685476,-0.397421779,-0.56544841,-0.342724967
285,Portland,POR13,472648,5396800,c,0,-0.180973645,-0.413305792,2.122655858,0.34560532,-0.036430386,-0.46421402,-0.202047601,-0.157159877,0.787948227,-0.397421779,-0.56544841,-0.342724967
286,Portland,POR14,473091,5396744,b,0,-0.180973645,-0.413305792,-0.244224744,-0.89621844,0.633921144,1.89773448,-0.202047601,-0.23725691,-0.65054908,-0.397421779,-0.56544841,-0.342724967
287,Portland,POR15,472691,5396986,c,0,-0.180973645,-0.413305792,1.595076382,0.976803991,-0.635999983,-0.46421402,-0.202047601,1.109888047,-0.583727033,-0.397421779,-0.56544841,-0.342724967
288,Portland,POR16,473306,5396943,b,0,-0.180973645,-0.413305792,-0.244224744,0.320922243,-0.635999983,0.670024011,-0.202047601,-0.428818108,-0.708408234,-0.397421779,-0.56544841,-0.342724967
289,Portland,POR17,472666,5397251,c,0,-0.180973645,-0.413305792,0.247509872,1.277758734,-0.478735582,-0.46421402,-0.202047601,-0.064452838,1.835832953,-0.397421779,-0.56544841,-0.342724967
290,Portland,POR18,473434,5397099,b,1,-0.180973645,-0.413305792,-0.244224744,-0.421083641,0.300871095,-0.229148851,-0.202047601,-0.12600651,-0.736975143,-0.397421779,-0.56544841,-0.342724967
291,Portland,POR19,472759,5397481,c,0,-0.180973645,-0.413305792,0.792820584,0.043970965,0.889699558,-0.46421402,-0.202047601,0.265694728,0.277083268,-0.397421779,-0.56544841,-0.342724967
292,Portland,POR20,473305,5397323,b,1,-0.180973645,-0.413305792,-0.244224744,0.831576555,-0.635999983,-0.46421402,-0.202047601,-0.076582143,0.142412324,-0.397421779,-0.56544841,-0.342724967
293,Portland,POR21,472623,5397648,c,0,-0.180973645,-0.413305792,1.27197863,-0.622956483,0.995392287,0.511806665,-0.202047601,0.66806255,0.380610222,-0.397421779,-0.56544841,-0.342724967
294,Portland,POR22,473290,5397591,b,1,-0.180973645,-0.413305792,-0.244224744,0.585152834,-0.284195811,-0.46421402,0.361915503,-0.085774068,0.311353318,-0.397421779,-0.56544841,-0.342724967
295,Portland,POR23,472477,5397695,c,0,-0.180973645,-0.413305792,0.138707635,-0.651775513,1.171400199,0.430802594,-0.202047601,0.39441098,-0.181042565,-0.397421779,-0.56544841,-0.342724967
296,Portland,POR24,472353,5397633,c,0,-0.180973645,-0.413305792,-0.244224744,-0.018411853,0.902264377,-0.46421402,-0.202047601,0.766644348,0.325484594,-0.397421779,-0.56544841,-0.342724967
297,Portland,POR25,473072,5397807,b,0,-0.180973645,-0.413305792,-0.244224744,1.059356646,-0.634938176,-0.46421402,-0.202047601,0.323916042,-0.34162938,-0.397421779,-0.56544841,-0.342724967
298,Portland,POR26,472155,5397562,c,0,-0.180973645,-0.413305792,-0.244224744,-0.213331855,-0.635999983,1.194000281,-0.202047601,0.13835439,-0.683621613,-0.397421779,-0.56544841,-0.342724967
299,Portland,POR27,472890,5397896,b,1,-0.180973645,-0.413305792,-0.244224744,1.000869127,-0.159819792,-0.388611985,-0.202047601,1.660442161,-0.517584812,-0.397421779,-0.56544841,-0.342724967
300,Prevost,PRE01,470869,5409661,b,1,-0.180973645,-0.413305792,1.878490926,0.330665412,-0.635999983,-0.46421402,-0.202047601,0.262392754,-0.759514642,-0.382643445,-0.56544841,-0.342724967
301,Prevost,PRE02,470909,5409512,b,1,-0.180973645,-0.413305792,0.232268266,1.319053116,-0.635999983,-0.271903154,-0.202047601,0.869618651,1.202383159,-0.382643445,-0.56544841,-0.342724967
302,Prevost,PRE03,471002,5409558,c,0,-0.180973645,-0.413305792,0.440068643,1.304074983,-0.635999983,-0.46421402,-0.202047601,0.387291606,2.144197982,-0.382643445,-0.56544841,-0.342724967
303,Prevost,PRE04,470981,5409409,c,0,-0.180973645,-0.413305792,-0.23943185,0.819853199,-0.635999983,1.182408933,-0.202047601,0.571761642,2.361619947,-0.382643445,-0.56544841,-0.342724967
304,Prevost,PRE05,470946,5409351,b,0,-0.180973645,-0.413305792,-0.244224744,0.616366637,-0.428866184,1.281614969,-0.202047601,1.186521425,0.70122634,-0.382643445,-0.56544841,-0.342724967
305,Prevost,PRE06,471082,5409245,c,0,-0.180973645,-0.413305792,-0.244224744,1.114025513,-0.331964117,-0.005550253,-0.202047601,1.043558828,0.69825388,-0.382643445,-0.56544841,-0.342724967
306,Prevost,PRE07,471206,5409169,b,1,-0.180973645,-0.413305792,-0.244224744,1.192499239,-0.635999983,0.348557415,-0.202047601,1.470620386,0.054455942,-0.382643445,-0.56544841,-0.342724967
307,Prevost,PRE08,471360,5409242,c,0,-0.180973645,1.674607597,-0.244224744,0.173863177,-0.635999983,-0.46421402,-0.202047601,-0.520194808,-0.387376826,-0.382643445,-0.56544841,-0.342724967
308,Prevost,PRE09,471498,5409320,b,0,-0.180973645,1.75913681,-0.244224744,0.05105407,-0.549825641,-0.46421402,-0.202047601,-0.559259677,-0.741802191,-0.382643445,-0.56544841,-0.342724967
309,Prevost,PRE10,471151,5409418,c,0,-0.180973645,0.592344734,-0.244224744,0.649364814,-0.32687445,-0.46421402,-0.202047601,0.201327379,0.477526653,-0.382643445,-0.56544841,-0.342724967
311,Prevost,PRE12,470742,5409711,d,1,-0.180973645,-0.413305792,2.728013359,0.075620568,-0.564929656,-0.46421402,0.172633421,0.082505116,-0.725580238,-0.382643445,-0.56544841,-0.342724967
313,Prevost,PRE14,471361,5409535,d,0,-0.180973645,-0.413305792,-0.244224744,1.352432458,-0.37608625,-0.46421402,-0.202047601,0.670254462,1.486513392,-0.382643445,1.367496043,-0.342724967
314,Prevost,PRE15,471179,5409622,d,0,-0.180973645,-0.413305792,1.704762977,-0.192182346,0.530584393,-0.46421402,1.060800074,0.472012271,-0.303419754,-0.382643445,0.165843645,-0.342724967
315,Prevost,PRE16,471118,5409851,d,0,-0.180973645,-0.413305792,-0.244224744,0.3262522,-0.162433543,1.468503376,-0.202047601,1.404213039,0.076349748,-0.382643445,-0.169804687,-0.342724967
316,Prevost,PRE17,471409,5409851,d,1,-0.180973645,-0.413305792,-0.244224744,0.005559972,1.247641401,-0.270894211,-0.202047601,1.500666946,0.125783613,-0.382643445,2.649988967,-0.342724967
317,Prevost,PRE18,471103,5410003,d,0,-0.180973645,-0.413305792,-0.244224744,1.186072441,-0.635999983,0.362930529,-0.202047601,0.099644351,3.79837929,-0.382643445,1.456625346,-0.342724967
318,Prevost,PRE19,471099,5410166,d,0,-0.180973645,-0.413305792,-0.244224744,1.331892713,-0.349634472,-0.46421402,-0.202047601,0.837864136,1.623257947,-0.382643445,1.091725499,-0.342724967
319,Reay,REA01,475751,5392373,b,0,-0.180973645,-0.413305792,-0.244224744,-1.013014826,-0.635999983,0.701843568,-0.202047601,-1.527173424,-0.861400343,-0.404802534,-0.56544841,-0.342724967
323,Reay,REA06,475766,5392325,d,0,-0.180973645,-0.413305792,-0.244224744,-1.013014826,-0.635999983,0.936065335,-0.202047601,-1.527173424,-0.861400343,-0.404802534,-0.56544841,-0.342724967
327,Rubly,RUB01,476970,5390262,d,0,-0.180973645,-0.177488938,-0.244224744,-1.013014826,-0.635999983,2.227170938,-0.202047601,-1.021502512,-0.861400343,-0.404760431,-0.56544841,-0.342724967
328,Rubly,RUB02,477039,5390295,d,0,-0.180973645,-0.299141048,-0.244224744,-1.013014826,-0.635999983,2.019394129,-0.202047601,-1.182803385,-0.861400343,-0.404760431,-0.56544841,-0.342724967
329,Rubly,RUB03,476966,5390357,d,0,-0.180973645,-0.124734798,-0.244224744,-1.013014826,-0.635999983,1.97506301,-0.202047601,-0.922374906,-0.683621613,-0.404760431,-0.56544841,-0.342724967
330,Rum,RUM01,479420,5390012,c,0,-0.180973645,-0.413305792,-0.244224744,-0.201662973,-0.108136852,0.493105078,0.014160772,0.259251374,-0.861400343,-0.404691814,-0.56544841,-0.342724967
332,Rum,RUM03,479604,5390039,b,0,-0.180973645,-0.413305792,-0.244224744,0.085132299,-0.541931134,1.192021228,-0.202047601,-0.000375212,-0.655509818,-0.404691814,-0.56544841,-0.342724967
335,Russell,RUS01,469720,5399404,d,0,-0.180973645,-0.413305792,-0.244224744,0.302688047,-0.635999983,-0.46421402,-0.202047601,-0.634892587,0.028679448,-0.404335475,-0.56544841,-0.342724967
336,Russell,RUS02,469896,5399376,d,0,-0.180973645,-0.413305792,-0.244224744,0.597779043,-0.635999983,-0.46421402,-0.202047601,-0.487137082,-0.033944176,-0.404335475,-0.56544841,-0.342724967
337,Russell,RUS03,469945,5399609,d,0,-0.180973645,-0.413305792,-0.244224744,0.784808596,-0.635999983,-0.46421402,-0.202047601,-0.440439584,0.810385325,-0.404335475,-0.56544841,-0.342724967
338,Russell,RUS04,469832,5399511,d,0,-0.180973645,-0.413305792,-0.244224744,0.799128049,-0.635999983,-0.46421402,-0.202047601,0.611568723,0.010457839,-0.404335475,-0.56544841,-0.342724967
339,Saltspring,SAL01,472781,5402374,c,1,-0.180973645,-0.413305792,-0.244224744,1.266397853,-0.265516134,-0.46421402,-0.202047601,1.112117938,0.202774603,0.200005071,0.64293615,-0.342724967
340,Saltspring,SAL02,472914,5402442,b,1,-0.180973645,-0.413305792,1.876058892,0.131600011,0.133756631,-0.46421402,-0.202047601,0.483724896,-0.861400343,0.200005071,0.189768785,-0.342724967
341,Saltspring,SAL03,472981,5402326,c,1,-0.180973645,-0.413305792,2.889293024,0.389270688,-0.635999983,-0.46421402,-0.202047601,-0.560874313,-0.80490084,0.200005071,0.497230434,-0.342724967
342,Saltspring,SAL04,472921,5402081,b,1,-0.180973645,-0.413305792,3.115270281,0.302464799,-0.635999983,-0.46421402,-0.202047601,-0.207972093,-0.528248691,0.200005071,-0.56544841,-0.342724967
343,Saltspring,SAL05,472777,5401935,c,0,-0.180973645,-0.413305792,4.590577811,0.032540451,-0.635999983,-0.46421402,-0.202047601,-0.781051904,-0.861386121,0.200005071,-0.56544841,-0.342724967
344,Saltspring,SAL06,472676,5401697,b,0,-0.180973645,-0.413305792,4.36947791,-0.280588221,-0.635999983,-0.46421402,-0.202047601,-0.868489672,-0.861400343,0.200005071,-0.56544841,-0.342724967
345,Saltspring,SAL07,472505,5401701,c,0,-0.180973645,-0.413305792,1.734591719,0.398423507,-0.635999983,-0.46421402,-0.202047601,0.629780042,-0.747553689,0.200005071,-0.56544841,-0.342724967
346,Saltspring,SAL08,472307,5401908,b,1,-0.180973645,-0.056595838,-0.244224744,1.038589467,-0.635999983,-0.46421402,-0.202047601,1.14997183,-0.448066217,0.200005071,-0.56544841,-0.342724967
347,Saltspring,SAL09,472217,5402140,c,0,-0.180973645,2.752478484,-0.244224744,-0.538720003,-0.635999983,-0.46421402,-0.202047601,-0.877977831,-0.861400343,0.200005071,0.765668349,-0.342724967
348,Saltspring,SAL10,472279,5402337,b,0,-0.180973645,2.666964561,-0.244224744,-0.48218502,-0.635999983,-0.46421402,-0.202047601,-0.743525714,-0.861400343,0.200005071,1.488487445,-0.342724967
349,Saltspring,SAL11,472475,5402374,c,0,-0.180973645,-0.413305792,-0.244224744,1.554254883,-0.635999983,-0.46421402,-0.202047601,1.448284583,-0.020148547,0.200005071,2.333102688,-0.342724967
350,Saltspring,SAL12,472355,5402556,c,0,-0.180973645,-0.305396659,-0.244224744,1.482903547,-0.635999983,-0.46421402,-0.202047601,1.295288019,-0.547938041,0.200005071,-0.56544841,-0.342724967
351,Saltspring,SAL13,472530,5402634,b,1,-0.180973645,-0.413305792,-0.244224744,1.499215368,-0.605371593,-0.46421402,-0.202047601,0.561350059,0.759423985,0.200005071,-0.56544841,-0.342724967
352,Saltspring,SAL14,472383,5402757,b,1,-0.180973645,0.073224405,-0.244224744,0.080828568,-0.635999983,1.185191937,-0.202047601,0.13273029,-0.547167193,0.200005071,-0.56544841,-0.342724967
353,Saltspring,SAL15,472449,5402903,c,0,-0.180973645,0.676730699,-0.244224744,-1.013014826,-0.635999983,2.283070207,-0.202047601,-0.043664394,-0.861400343,0.200005071,-0.56544841,-0.342724967
354,Saltspring,SAL16,472460,5403062,b,0,-0.180973645,1.574800301,-0.244224744,-0.929322992,-0.635999983,0.292879519,-0.202047601,-1.158771562,-0.861400343,0.200005071,-0.56544841,-0.342724967
355,Saltspring,SAL17,472252,5403117,c,0,-0.180973645,-0.315563309,-0.244224744,0.889191859,-0.635999983,-0.46421402,-0.202047601,-0.228195197,1.824688359,0.200005071,-0.56544841,-0.342724967
356,Saltspring,SAl18,472118,5403298,c,0,-0.180973645,-0.314505863,-0.244224744,1.488921589,-0.635999983,-0.46421402,-0.202047601,0.33524454,1.97693522,0.200005071,-0.56544841,-0.342724967
357,Saltspring,SAL19,471928,5403316,b,1,-0.180973645,-0.413305792,-0.244224744,1.554254883,-0.635999983,-0.46421402,-0.202047601,1.509789425,-0.600526412,0.200005071,-0.56544841,-0.342724967
358,Saltspring,SAL20,471712,5403254,c,0,-0.180973645,-0.230276693,2.691107568,0.501770526,-0.635999983,-0.46421402,-0.147285072,0.988478893,0.733832382,0.200005071,-0.56544841,-0.342724967
359,Saltspring,SAL21,471580,5403458,b,0,-0.180973645,-0.413305792,0.014477514,0.162872816,-0.635999983,-0.46421402,7.032753073,0.667071849,-0.694726383,0.200005071,-0.56544841,-0.342724967
360,Saltspring,SAL22,471536,5403638,c,1,-0.180973645,-0.413305792,-0.244224744,1.325547804,-0.635999983,-0.46421402,1.060806027,1.311487553,-0.599710052,0.200005071,-0.56544841,-0.342724967
361,Saltspring,SAL23,471731,5403053,b,1,-0.180973645,0.344700895,2.623917627,0.15264282,-0.635999983,-0.46421402,-0.202047601,0.585892966,1.292543997,0.200005071,-0.56544841,-0.342724967
362,Saltspring,SAL24,467250,5403282,c,0,-0.180973645,1.693917775,1.344410482,-0.797250736,-0.635999983,-0.46421402,2.335809697,-1.202020596,-0.422875682,0.200005071,1.360515473,1.678005382
363,Saltspring,SAL25,467319,5403341,b,1,-0.180973645,1.027020916,1.952579454,-1.013014826,-0.635999983,-0.46421402,4.907455717,-1.381871341,-0.273658172,0.200005071,0.506136444,1.492995407
364,Saltspring,SAL26,467325,5403537,b,0,-0.180973645,1.601212093,-0.244224744,0.22236818,-0.635999983,-0.46421402,-0.202047601,-0.482331151,3.026643244,0.200005071,0.963135468,1.58611713
365,Saltspring,SAL27,462099,5405611,b,1,-0.180973645,-0.413305792,-0.244224744,1.230713705,-0.219332731,-0.46421402,-0.202047601,1.614939364,-0.173766437,0.200005071,-0.337934838,-0.342724967
366,Saltspring,SAL28,462109,5405425,c,1,-0.180973645,-0.413305792,-0.244224744,-0.680528137,-0.635999983,4.556632675,-0.202047601,-0.576140657,-0.861400343,0.200005071,-0.56544841,-0.342724967
367,Saltspring,SAL29,462244,5405833,c,1,-0.180973645,-0.413305792,-0.244224744,0.148553924,1.174309172,-0.46421402,-0.202047601,1.877258096,-0.861400343,0.200005071,-0.56544841,-0.342724967
368,Saltspring,SAL30,462416,5405873,b,1,-0.180973645,-0.413305792,-0.244224744,0.669780124,0.503056473,-0.46421402,-0.202047601,1.746602761,-0.518904641,0.200005071,-0.56544841,-0.342724967
369,Saltspring,SAL31,462364,5405770,c,0,-0.180973645,-0.413305792,-0.244224744,1.431865522,-0.478382832,-0.46421402,-0.202047601,1.816709231,-0.712492879,0.200005071,-0.56544841,-0.342724967
370,Saltspring,SAL32,462381,5406057,b,1,-0.180973645,-0.413305792,-0.244224744,-0.643032582,2.193741,-0.46421402,-0.202047601,1.778069724,-0.601391128,0.200005071,-0.56544841,-0.342724967
371,Saltspring,SAL33,461384,5406404,b,0,-0.180973645,-0.413305792,-0.244224744,-1.013014826,2.075290641,-0.46421402,2.348811068,0.64947904,0.852457728,0.200005071,1.694424638,-0.342724967
372,Saltspring,SAL34,461434,5408927,b,0,-0.180973645,1.72325079,-0.244224744,0.141740833,-0.635999983,-0.46421402,-0.202047601,-0.885695099,0.059191967,0.200005071,1.460595384,-0.342724967
373,Saltspring,SAL35,461508,5408699,c,0,-0.180973645,1.524290561,-0.244224744,0.273260567,-0.635999983,-0.46421402,-0.202047601,-0.79557278,-0.747593511,0.200005071,3.147958466,-0.342724967
374,Saltspring,SAL36,461100,5414199,c,0,-0.180973645,3.45698568,-0.244224744,-1.004514971,-0.635999983,-0.46421402,-0.202047601,-1.264738586,-0.861400343,0.200005071,-0.56544841,2.600298953
375,Saltspring,SAL37,461317,5414154,b,0,-0.180973645,3.469835107,-0.244224744,-1.013014826,-0.635999983,-0.46421402,-0.202047601,-0.714316855,-0.861400343,0.200005071,-0.56544841,-0.342724967
376,Saltspring,SAL38,460869,5414166,c,0,-0.180973645,1.119735924,-0.244224744,0.540742865,-0.635999983,-0.46421402,-0.202047601,-0.362084145,-0.505842883,0.200005071,-0.56544841,1.95593751
377,Saltspring,SAL39,460786,5414382,b,0,-0.180973645,0.899388993,-0.244224744,0.686376101,-0.635999983,-0.46421402,-0.202047601,-0.057062187,-0.492869302,0.200005071,-0.56544841,1.104554133
378,Saltspring,SAL40,460753,5415257,b,0,-0.180973645,-0.183187423,-0.244224744,0.737252976,-0.635999983,-0.46421402,3.469036983,0.05539702,0.124813652,0.200005071,-0.56544841,1.556870591
379,Saltspring,SAL41,460643,5415547,c,0,-0.180973645,-0.413305792,-0.244224744,0.608348697,-0.635999983,-0.46421402,5.020985737,0.471067145,-0.861400343,0.200005071,-0.56544841,1.588364671
380,Saltspring,SAL42,466666,5403431,b,0,-0.180973645,-0.413305792,-0.244224744,1.475011963,-0.533948275,-0.46421402,-0.202047601,-1.379283365,-0.036680547,0.200005071,-0.56544841,-0.342724967
381,Saltspring,SAL43,466704,5403587,c,0,-0.180973645,-0.413305792,-0.244224744,1.179797649,-0.153761315,-0.46421402,-0.202047601,-1.373763435,2.668904083,0.200005071,-0.56544841,-0.342724967
382,Saltspring,SAL44,466688,5403728,b,0,-0.180973645,-0.413305792,-0.244224744,1.554254883,-0.635999983,-0.46421402,-0.202047601,-1.349573187,0.758948961,0.200005071,-0.56544841,-0.342724967
383,Saltspring,SAL45,466766,5403804,c,0,-0.180973645,-0.413305792,-0.244224744,1.554254883,-0.635999983,-0.46421402,-0.202047601,-0.883637739,-0.861400343,0.200005071,-0.56544841,-0.342724967
384,Saltspring,SAL46,466884,5403657,b,0,-0.180973645,-0.413305792,-0.244224744,0.958927751,0.130682398,-0.46421402,-0.202047601,-0.77373938,0.806812684,0.200005071,-0.56544841,-0.342724967
385,Saltspring,SAL47,466935,5403559,c,0,-0.180973645,-0.413305792,-0.244224744,0.144643142,1.179345609,-0.46421402,-0.202047601,0.027817989,0.863081785,0.200005071,-0.56544841,-0.342724967
386,Saltspring,SAL48,467772,5403759,c,0,-0.180973645,2.060672008,-0.244224744,-0.081376106,-0.635999983,-0.46421402,-0.202047601,-1.223204018,0.107744049,0.200005071,2.499929522,1.625421562
387,Saltspring,SAL49,467646,5403739,b,0,-0.180973645,2.947050792,-0.244224744,-0.667403956,-0.635999983,-0.46421402,-0.202047601,-1.481283244,-0.861400343,0.200005071,-0.56544841,1.554517331
388,Saltspring,SAL50,467710,5404109,c,0,-0.180973645,2.620061121,-0.244224744,-0.451173086,-0.635999983,-0.46421402,-0.202047601,-0.750646174,0.22829794,0.200005071,-0.56544841,2.075451036
389,Saltspring,SAL51,467828,5404039,b,0,-0.180973645,0.723833797,-0.244224744,0.80243737,-0.635999983,-0.46421402,-0.202047601,0.028764201,1.356510207,0.200005071,-0.56544841,1.505690013
390,Saltspring,SAL52,466741,5406591,c,0,-0.180973645,1.607564433,-0.227235163,0.212857095,-0.635999983,-0.46421402,-0.202047601,-1.047607971,3.042054526,0.200005071,-0.56544841,1.868046618
391,Saltspring,SAL53,466672,5406617,b,1,-0.180973645,1.981723469,-0.15042282,-0.058650471,-0.635999983,-0.46421402,-0.202047601,-0.310123887,0.475453042,0.200005071,-0.56544841,2.651043672
392,Saltspring,SAL54,465830,5407130,b,0,-0.180973645,0.293272952,-0.244224744,0.138321226,-0.635999983,-0.46421402,5.036933938,-1.174823522,0.318052021,0.200005071,-0.56544841,1.531652796
393,Saltspring,SAL55,465674,5407268,c,0,-0.180973645,0.637758393,-0.244224744,-0.030300843,-0.635999983,-0.46421402,4.710436201,-0.537012852,-0.622053283,0.200005071,-0.56544841,1.555317063
394,Saltspring,SAL56,463008,5404050,c,0,-0.180973645,1.983321131,-0.244224744,-0.03022231,-0.635999983,-0.46421402,-0.202047601,-0.481280769,-0.715769696,0.200005071,1.354062232,-0.342724967
395,Saltspring,SAL57,463216,5403928,b,0,-0.180973645,2.033667457,-0.244224744,-0.063529543,-0.635999983,-0.46421402,-0.202047601,-1.319574372,0.024919072,0.200005071,1.769451379,1.309736957
396,Saltspring,SAL58,462404,5404478,c,0,-0.180973645,2.529651433,-0.244224744,-0.391462585,-0.635999983,-0.46421402,-0.202047601,-1.271464067,-0.187746956,0.200005071,1.195247982,-0.342724967
397,Saltspring,SAL59,462529,5404403,b,0,-0.180973645,3.420292231,-0.244224744,-0.980273448,-0.635999983,-0.46421402,-0.202047601,-1.522988173,-0.845397413,0.200005071,-0.037143096,-0.342724967
398,Saltspring,SAL60,461661,5404786,b,0,-0.180973645,-0.183832866,-0.244224744,0.668210901,-0.635999983,-0.46421402,-0.202047601,-0.266929108,0.354270526,0.200005071,1.649684316,-0.342724967
399,Saltspring,SAL61,461466,5404908,c,0,-0.180973645,-0.413305792,-0.244224744,1.238496809,-0.635999983,-0.46421402,-0.202047601,0.634832291,-0.627221666,0.200005071,1.478598181,-0.342724967
400,Saltspring,SAL62,461280,5405108,b,1,-0.180973645,-0.413305792,-0.244224744,0.8128361,-0.635999983,1.201507706,-0.202047601,1.046173931,-0.201101694,0.200005071,1.495280623,-0.342724967
401,Saltspring,SAL63,461082,5405232,c,0,-0.180973645,-0.413305792,-0.244224744,1.552632892,-0.635999983,-0.460583663,-0.202047601,0.826735298,0.132314492,0.200005071,-0.56544841,-0.342724967
402,Saturna,SAT01,485371,5403695,b,0,-0.034202811,2.476649835,-0.244224744,-0.413956009,-0.635999983,-0.46421402,-0.202047601,0.03118507,0.155215237,-0.298459098,1.044863275,1.539579465
403,Saturna,SAT02,485402,5403576,c,0,-0.180973645,1.736786189,-0.244224744,-0.002136148,-0.462252396,-0.46421402,-0.202047601,0.675379413,0.793019899,-0.298459098,1.385981749,-0.342724967
404,Saturna,SAT03,485266,5403597,b,0,-0.180973645,2.351704696,-0.244224744,-0.972215465,-0.070056287,-0.039651074,0.184572231,-0.846822294,-0.73967738,-0.298459098,1.817794805,-0.342724967
405,Saturna,SAT04,485201,5403442,c,0,-0.180973645,1.205973993,-0.244224744,-1.013014826,0.600426072,0.394654838,-0.202047601,-0.240268076,-0.683621613,-0.298459098,0.047739137,-0.342724967
406,Saturna,SAT05,486564,5404509,b,0,0.033862347,0.988803946,-0.244224744,0.231967958,-0.235421069,-0.46421402,-0.202047601,-0.16674244,-0.056358519,-0.298459098,-0.56544841,1.579048771
407,Saturna,SAT06,486275,5404558,c,0,-0.180973645,1.608574032,-0.244224744,0.217537465,-0.635999983,-0.46421402,-0.202047601,-0.606460664,-0.150285422,-0.298459098,0.045451957,1.552274846
408,Saturna,SAT07,486440,5406155,c,0,-0.180973645,1.000576341,0.210125647,0.476860043,-0.635999983,-0.46421402,-0.202047601,-0.926867241,0.35311852,-0.298459098,-0.56544841,-0.342724967
409,Saturna,SAT08,486222,5406203,b,0,0.481848878,0.152920587,1.257083092,0.424919769,-0.605702342,-0.46421402,-0.202047601,-1.245819778,0.714529878,-0.298459098,2.663725193,1.015769017
410,Saturna,SAT09,486121,5406298,b,0,0.124411689,0.21475099,0.228357252,-0.147634909,-0.615523664,-0.46421402,0.101892459,-0.566464775,-0.505842883,-0.298459098,1.092933913,0.965385778
411,Saturna,SAT10,486180,5406398,c,0,-0.180456835,-0.306544693,-0.244224744,0.003810836,-0.458651879,-0.46421402,3.021778157,0.067354878,-0.336193618,-0.298459098,-0.56544841,-0.342724967
412,Saturna,SAT11,486202,5406611,b,0,-0.180973645,-0.413305792,-0.122599726,0.265982826,-0.595369391,-0.46421402,1.046098277,0.041811504,-0.330106474,-0.298459098,-0.56544841,-0.342724967
413,Saturna,SAT12,486254,5406708,c,1,-0.180973645,-0.413305792,-0.208760839,0.05946291,-0.46222508,-0.425614652,0.061092986,-0.296083712,-0.282239907,-0.298459098,-0.56544841,-0.342724967
414,Saturna,SAT13,486313,5406448,b,0,-0.180973645,-0.413305792,-0.244224744,1.357546373,-0.635880972,-0.46421402,0.883471559,0.696419601,0.78553897,-0.298459098,-0.56544841,-0.342724967
415,Saturna,SAT14,488056,5404164,c,0,-0.180973645,-0.353422587,-0.244224744,1.514659827,-0.635999983,-0.46421402,-0.202047601,0.569515475,1.362984197,-0.298459098,1.763687433,-0.342724967
416,Saturna,SAT15,488076,5404342,b,0,-0.180973645,-0.413305792,-0.244224744,1.554254883,-0.635999983,-0.46421402,-0.202047601,-1.01673239,5.921674577,-0.298459098,-0.56544841,-0.342724967
417,Saturna,SAT16,487933,5404382,c,0,-0.180973645,-0.413305792,-0.244224744,1.554254883,-0.635999983,-0.46421402,-0.202047601,-0.888480564,5.432316577,-0.298459098,-0.56544841,-0.342724967
418,Saturna,SAT17,487617,5404436,b,0,-0.180973645,0.583303034,-0.244224744,0.895327705,-0.635999983,-0.46421402,-0.202047601,-0.663136788,2.459051225,-0.298459098,0.032564643,0.737798713
419,Saturna,SAT18,487479,5404535,c,0,-0.180973645,2.573432452,-0.244224744,-0.420409451,-0.635999983,-0.46421402,-0.202047601,-1.26307946,-0.138327313,-0.298459098,1.504509656,0.609635686
420,Saturna,SAT19,486834,5402388,b,0,-0.180973645,-0.315109976,3.026969674,-1.013014826,0.530224735,0.815891788,-0.202047601,-0.600290756,-0.253337352,-0.298459098,-0.56544841,-0.342724967
421,Saturna,SAT20,486959,5402320,c,0,-0.180973645,-0.413305792,6.008868694,-1.013014826,-0.614541824,0.855607713,-0.202047601,-1.472806403,-0.861400343,-0.298459098,-0.56544841,-0.342724967
422,Saturna,SAT21,487171,5402292,b,0,-0.180973645,-0.413305792,6.355350867,-1.013014826,-0.458606224,0.339162007,-0.202047601,-1.378916599,-0.861400343,-0.298459098,-0.56544841,-0.342724967
423,Saturna,SAT22,487330,5402209,c,0,-0.180973645,-0.413305792,5.734691083,-1.013014826,-0.463076666,0.784721321,-0.202047601,-1.527173424,-0.861400343,-0.298459098,-0.56544841,-0.342724967
424,Saturna,SAT23,486850,5402522,b,0,-0.180973645,-0.33111963,-0.12699153,0.466833536,0.647041293,-0.46421402,-0.202047601,0.297615265,3.266004526,-0.298459098,0.104275522,-0.342724967
425,Saturna,SAT24,486743,5403342,b,0,0.138851063,-0.413305792,0.035877404,-0.295020248,0.883465684,-0.46421402,2.315893528,0.06721273,0.322310177,-0.298459098,0.730739158,1.41639786
426,Saturna,SAT25,485290,5402597,c,0,0.241696637,0.517084111,-0.171869448,0.217374158,-0.597845921,-0.46421402,-0.202047601,-1.094374915,-0.861400343,-0.298459098,1.422015981,-0.342724967
427,Saturna,SAT26,485481,5402441,b,0,1.609642939,1.301898704,0.25875112,-0.758211236,-0.378404582,-0.22928774,-0.127900372,-0.909473007,-0.861400343,-0.298459098,1.497196946,-0.342724967
428,Saturna,SAT27,486649,5402013,b,0,-0.180973645,2.092847144,-0.244224744,-0.886131817,0.291454316,-0.321890864,-0.202047601,-0.384170374,-0.861400343,-0.298459098,-0.037421512,-0.342724967
429,Saturna,SAT28,486685,5401883,c,1,-0.180973645,-0.221697032,-0.244224744,-1.013014826,1.565920219,1.17768616,-0.202047601,1.524675981,-0.603734963,-0.298459098,-0.56544841,-0.342724967
430,Saturna,SAT29,486844,5401845,b,0,-0.180973645,0.058816161,-0.244224744,-1.004746804,1.1395289,1.48633953,-0.202047601,1.306535134,-0.528538826,-0.298459098,-0.56544841,-0.342724967
431,Saturna,SAT30,487001,5401781,c,0,-0.180973645,0.062669357,-0.244224744,-0.943961015,1.190621312,1.254940152,-0.202047601,1.031281949,-0.699792366,-0.298459098,-0.56544841,-0.342724967
432,Saturna,SAT31,487237,5401702,b,1,-0.180973645,-0.390980781,-0.244224744,-0.787258377,1.721349544,0.650731616,-0.202047601,1.384079999,-0.861400343,-0.298459098,-0.56544841,-0.342724967
433,Saturna,SAT32,487417,5401662,c,0,-0.180973645,0.007152999,-0.244224744,-0.904170858,1.484344034,0.735552197,-0.202047601,1.032543926,-0.861400343,-0.298459098,-0.56544841,-0.342724967
434,Saturna,SAT33,487621,5401580,b,0,-0.180973645,-0.413305792,-0.244224744,-0.984534018,2.252331487,0.200832322,-0.202047601,1.518664499,-0.486196199,-0.298459098,-0.56544841,-0.342724967
435,Saturna,SAT34,487878,5401475,c,0,-0.180973645,-0.162415109,-0.244224744,-1.013014826,2.040350538,0.261975518,-0.202047601,0.294325226,-0.861400343,-0.298459098,-0.56544841,-0.342724967
436,Saturna,SAT35,488006,5401576,b,0,-0.180973645,2.957802683,-0.244224744,-1.013014826,-0.199990844,-0.46421402,-0.202047601,-1.205582996,-0.861400343,-0.298459098,-0.56544841,-0.342724967
437,Saturna,SAT36,488141,5401516,c,0,-0.180973645,2.305664167,-0.244224744,-1.013014826,0.312885449,-0.390316082,-0.202047601,-0.620291413,-0.748956007,-0.298459098,-0.561997546,-0.342724967
438,Saturna,SAT37,488208,5401638,b,0,-0.180973645,1.987765507,-0.244224744,-1.013014826,0.625866124,-0.46421402,-0.202047601,-0.482942065,-0.528223091,-0.298459098,-0.56544841,-0.342724967
439,Saturna,SAT38,488363,5401566,c,0,-0.180973645,2.442424924,-0.244224744,-1.013014826,0.238759479,-0.46421402,-0.202047601,-0.828032614,-0.861400343,-0.298459098,1.361816932,-0.342724967
440,Sidney,SID01,475710,5387627,b,0,-0.180973645,-0.288320165,-0.244224744,-0.700346248,0.5079463,0.017732823,-0.202047601,-0.499035259,-0.861400343,-0.374469264,0.970463259,-0.342724967
441,Sidney,SID02,475722,5387484,b,0,-0.180973645,-0.413305792,-0.244224744,-0.667878888,1.241760715,-0.46421402,-0.202047601,0.168935907,-0.49885689,-0.374469264,1.502988158,-0.342724967
442,Sidney,SID03,475854,5387373,b,1,-0.180973645,-0.413305792,-0.244224744,0.807334526,0.325909271,-0.46421402,-0.202047601,0.019725275,2.838504991,-0.374469264,-0.56544841,-0.342724967
443,Sidney,SID04,475947,5387296,b,1,-0.180973645,-0.413305792,-0.112507633,-0.075634633,1.243736755,-0.46421402,-0.202047601,0.613056402,0.736801997,-0.374469264,-0.56544841,-0.342724967
444,Sidney,SID05,476140,5387056,b,1,-0.180973645,-0.413305792,-0.244224744,-1.013014826,2.510566072,-0.185723571,-0.202047601,0.935730849,1.012253784,-0.374469264,0.887690791,-0.342724967
445,Sidney,SID06,475999,5386916,b,0,-0.180973645,-0.413305792,5.935122634,-1.013014826,0.171801292,-0.46421402,-0.202047601,-0.457404117,-0.664862401,-0.374469264,1.440226185,-0.342724967
446,Sidney,SID07,478243,5384830,b,0,-0.180973645,1.6856794,-0.244224744,-0.489167059,0.093337014,-0.46421402,-0.202047601,-0.698497108,-0.748253426,-0.374469264,1.650755686,-0.342724967
447,Sidney,SID08,478316,5384656,b,0,-0.180973645,-0.375914687,-0.244224744,1.529528143,-0.635999983,-0.46421402,-0.202047601,1.743547105,-0.510894643,-0.374469264,0.943488434,-0.342724967
448,Sidney,SID09,478381,5384631,b,0,-0.180973645,-0.413305792,-0.244224744,1.554254883,-0.635999983,-0.46421402,-0.202047601,1.736759773,-0.493102548,-0.374469264,1.242763182,-0.342724967
449,Sidney,SID28,478337,5384492,b,1,-0.180973645,-0.413305792,-0.244224744,1.267682015,-0.635999983,0.179595513,-0.202047601,1.017313391,0.143174639,-0.374469264,-0.56544841,-0.342724967
450,Sidney,SID29,478459,5384514,b,1,-0.180973645,-0.413305792,-0.244224744,1.417851901,-0.635999983,-0.157774983,-0.202047601,1.651945788,-0.27077389,-0.374469264,0.730595565,-0.342724967
451,Sidney,SID30,478589,5384449,b,0,-0.180973645,-0.413305792,-0.244224744,1.547769129,-0.62764741,-0.46421402,-0.202047601,1.647455623,-0.259003516,-0.374469264,1.399830173,-0.342724967
452,Sidney,SID31,478828,5384228,b,0,-0.180973645,-0.413305792,-0.244224744,1.554254883,-0.635999983,-0.46421402,-0.202047601,1.226196122,0.764970682,-0.374469264,0.76645973,-0.342724967
453,Sidney,SID14,478998,5384285,b,0,-0.180973645,0.21728188,-0.244224744,0.894446993,-0.572864721,-0.46421402,-0.202047601,0.166695165,0.174039871,-0.374469264,1.326134986,-0.342724967
454,Sidney,SID15,479103,5384022,b,0,-0.180973645,-0.413305792,2.937643444,-0.883627953,1.21710437,-0.46421402,-0.202047601,-0.378894593,-0.683101077,-0.374469264,1.628782452,-0.342724967
455,Sidney,SID16,479028,5383903,b,0,-0.180973645,-0.413305792,6.086458603,-0.654440911,-0.35117001,-0.46421402,-0.202047601,-1.463543946,-0.795636435,-0.374469264,0.976304669,-0.342724967
456,Sidney,SID17,479108,5383862,b,0,-0.180973645,-0.413305792,5.322995218,-0.193580796,-0.635999983,-0.46421402,-0.202047601,-1.255897149,0.466797351,-0.374469264,1.473311463,-0.342724967
457,Sidney,SID18,478025,5384591,b,1,-0.180973645,-0.413305792,-0.244224744,-0.3512703,1.452776143,-0.46421402,-0.202047601,0.531336052,0.525529754,-0.374469264,3.784004552,-0.342724967
458,Sidney,SID19,477891,5384446,b,0,-0.180973645,0.933409223,-0.244224744,-0.819284619,0.692581351,-0.46421402,2.291250829,-0.270783402,-0.530091901,-0.374469264,1.362744407,-0.342724967
459,Sidney,SID20,477786,5384230,b,0,-0.180973645,3.469835107,-0.244224744,-1.013014826,-0.635999983,-0.46421402,-0.202047601,-1.502441708,-0.861400343,-0.374469264,-0.56544841,-0.342724967
460,Sidney,SID21,477620,5384316,c,0,-0.180973645,3.291692817,-0.244224744,-0.895246903,-0.635999983,-0.46421402,-0.202047601,-1.527173424,-0.761582564,-0.374469264,0.71546125,-0.342724967
461,Sidney,SID22,477620,5383375,b,0,-0.180973645,0.876123524,0.827439864,-0.130736372,-0.635999983,-0.46421402,2.537269343,-1.527173424,-0.683621613,-0.374469264,-0.56544841,-0.342724967
462,Sidney,SID23,477450,5383431,b,0,-0.180973645,0.982473298,3.067771604,-0.4160648,-0.632051363,-0.46421402,-0.176325835,-1.527173424,-0.861400343,-0.374469264,1.092231862,-0.342724967
463,Sidney,SID24,477596,5383144,b,0,0.200006525,-0.413305792,0.089007226,0.928326113,-0.157144468,-0.46421402,-0.202047601,0.152314267,-0.861400343,-0.374469264,-0.56544841,-0.342724967
464,Sidney,SID25,477772,5383094,b,0,-0.180973645,-0.413305792,-0.23647842,1.551822915,-0.635999983,-0.46421402,-0.202047601,-0.52464591,-0.710558646,-0.374469264,-0.066496256,-0.342724967
465,Sidney,SID26,477931,5383234,b,0,-0.180973645,-0.413305792,-0.17594502,1.532818378,-0.635999983,-0.46421402,-0.202047601,-0.38660535,-0.747553689,-0.374469264,1.669041673,-0.342724967
466,Sidney,SID27,477835,5383369,b,0,-0.180973645,0.735239416,-0.244224744,0.794895567,-0.635999983,-0.46421402,-0.202047601,-1.10515869,0.390497564,-0.374469264,2.726950851,-0.342724967
467,Tumbo,TUM01,495401,5404630,b,0,-0.180973645,-0.413305792,-0.174314955,-1.013014826,-0.482855074,-0.087596515,6.600990262,-0.854822774,-0.861400343,-0.400486338,-0.56544841,-0.342724967
468,Tumbo,TUM02,495283,5404766,c,0,-0.180973645,-0.413305792,0.358042158,-1.013014826,1.24785276,0.705155059,1.362447911,-0.38031174,0.49954846,-0.400486338,-0.56544841,-0.342724967
469,Tumbo,TUM03,495049,5404681,b,0,-0.180973645,-0.413305792,2.662289522,-1.013014826,-0.070115409,-0.46421402,6.50883208,-1.082463717,-0.861400343,-0.400486338,-0.56544841,-0.342724967
470,Tumbo,TUM04,494785,5404725,c,0,-0.180973645,-0.413305792,1.635224531,-0.353442533,-0.559577158,-0.240497487,4.533987895,-0.881620529,-0.813875111,-0.400486338,-0.56544841,-0.342724967
471,Tumbo,TUM05,494894,5404862,b,1,-0.180973645,-0.413305792,0.142452434,-0.567747905,1.905409765,-0.46421402,-0.202047601,1.241351785,-0.491640495,-0.400486338,-0.56544841,-0.342724967
472,Tumbo,TUM06,494721,5404589,c,0,-0.180973645,-0.413305792,-0.240211619,-1.013014826,-0.466526992,0.148410711,5.958908903,-0.364648248,-0.753709099,-0.400486338,-0.56544841,-0.342724967
473,Tumbo,TUM07,494575,5404477,b,1,-0.180973645,-0.413305792,-0.244224744,-0.107356308,0.622246875,-0.46421402,-0.202047601,0.603930668,-0.027808677,-0.400486338,-0.56544841,-0.342724967
474,Tumbo,TUM08,494362,5404511,c,0,-0.180973645,-0.413305792,-0.244224744,-0.357472631,0.840905733,-0.46421402,-0.202047601,0.572804428,0.007621913,-0.400486338,-0.56544841,-0.342724967
475,Tumbo,TUM09,494201,5404532,b,1,-0.180973645,-0.413305792,-0.244224744,-0.822805817,1.405705964,-0.369470262,-0.202047601,0.678314623,0.046957946,-0.400486338,-0.56544841,-0.342724967
476,Tumbo,TUM10,493994,5404588,c,0,-0.180973645,-0.413305792,-0.244224744,-1.013014826,1.552052767,-0.464035735,-0.202047601,0.499415515,-0.177791347,-0.400486338,-0.56544841,-0.342724967
477,Tumbo,TUM11,493774,5404617,b,0,-0.180973645,-0.413305792,-0.244224744,-1.013014826,1.769574045,0.001273755,-0.202047601,0.273176528,-0.375640585,-0.400486338,-0.56544841,-0.342724967
478,Tumbo,TUM12,493592,5404700,c,0,-0.180973645,-0.413305792,-0.244224744,-1.013014826,1.523755434,-0.46421402,-0.202047601,0.683854084,-0.253493797,-0.400486338,-0.56544841,-0.342724967
479,Tumbo,TUM13,493399,5404753,b,0,-0.180973645,-0.413305792,-0.244224744,-0.417107603,0.728517165,-0.46421402,-0.202047601,0.001872041,0.683397267,-0.400486338,-0.56544841,-0.342724967
480,Tumbo,TUM14,493221,5404820,c,1,-0.180973645,-0.413305792,-0.244224744,-1.011241999,1.004616109,-0.46421402,-0.202047601,-0.25791297,0.385636383,-0.400486338,-0.56544841,-0.342724967
481,Tumbo,TUM15,493062,5404825,b,0,-0.180973645,-0.413305792,-0.244224744,-1.013014826,1.871406781,-0.46421402,-0.202047601,0.833804757,0.663201603,-0.400486338,-0.56544841,-0.342724967
482,Tumbo,TUM16,494794,5404487,c,1,-0.180973645,-0.413305792,0.033591871,-0.897381709,1.219762779,-0.362037225,4.645902511,1.233040965,0.188899329,-0.400486338,-0.56544841,-0.342724967
483,Tumbo,TUM17,494997,5404466,b,0,-0.180973645,-0.413305792,-0.244224744,-0.836236174,2.257102743,-0.46421402,0.593237741,1.565357657,-0.191572754,-0.400486338,-0.56544841,-0.342724967
484,Tumbo,TUM18,495305,5404432,c,1,-0.180973645,-0.413305792,-0.244224744,-1.013014826,2.584381206,-0.46421402,0.166089909,1.776659087,-0.59769333,-0.400486338,-0.56544841,-0.342724967
485,Vancouver Island,VAN01,470021,5392524,b,1,2.057460175,-0.413305792,-0.244224744,0.675953613,-0.635999983,-0.46421402,-0.202047601,-0.054525211,-0.299232709,2.851975238,-0.56544841,0.461315116
486,Vancouver Island,VAN02,470235,5392608,b,1,-0.180973645,-0.413305792,-0.244224744,1.554254883,-0.635999983,-0.46421402,-0.202047601,0.084245624,0.773671884,2.851975238,-0.56544841,1.213007352
487,Vancouver Island,VAN03,470382,5392766,b,0,-0.180973645,-0.413305792,-0.244224744,1.189000913,-0.635999983,-0.46421402,-0.202047601,-0.542750888,-0.683621613,2.851975238,-0.56544841,1.278636694
488,Vancouver Island,VAN04,470304,5392591,b,0,-0.180973645,-0.413305792,-0.244224744,1.445228348,-0.635999983,-0.46421402,-0.202047601,-0.484140021,-0.146752603,2.851975238,-0.56544841,1.33553547
489,Vancouver Island,VAN05,470457,5392612,b,1,-0.180973645,-0.413305792,-0.244224744,0.634865515,-0.635999983,-0.46421402,-0.202047601,-0.751766002,-0.861400343,2.851975238,-0.56544841,0.367963041
490,Vancouver Island,VAN06,470014,5392687,b,0,2.361130609,-0.413305792,-0.244224744,0.24102085,-0.635999983,-0.46421402,-0.202047601,-0.228471899,-0.848984277,2.851975238,-0.56544841,4.317666626
491,Vancouver Island,VAN07,469805,5392360,b,0,1.055447058,-0.389622203,-0.244224744,1.053474517,-0.635999983,-0.46421402,-0.202047601,0.985232259,-0.621433191,2.851975238,-0.56544841,3.182084585
492,Vancouver Island,VAN08,469891,5392301,b,0,-0.180973645,-0.109977699,-0.244224744,1.353696882,-0.635999983,-0.46421402,-0.202047601,1.369101208,-0.209578184,2.851975238,-0.56544841,-0.104192654
493,Vancouver Island,VAN09,469984,5392250,b,0,-0.180973645,0.501489227,-0.244224744,0.949442087,-0.635999983,-0.46421402,-0.202047601,0.62304588,-0.414825862,2.851975238,0.631488094,0.542465179
494,Vancouver Island,VAN10,468705,5391413,b,0,-0.180973645,0.961050903,-0.244224744,-1.013014826,1.500063666,-0.46421402,-0.202047601,0.056141402,-0.861400343,2.851975238,0.722654967,3.073243613
495,Vancouver Island,VAN11,468638,5391152,b,1,-0.180973645,-0.044074781,-0.244224744,-1.013014826,2.355815039,-0.46421402,-0.202047601,0.169140992,0.294807096,2.851975238,2.994315737,-0.342724967
496,Vancouver Island,VAN12,468770,5391014,b,0,-0.180512653,1.770428469,-0.21917382,-1.013014826,-0.557110727,-0.46421402,5.619054939,-1.527173424,-0.861400343,2.851975238,-0.56544841,-0.342724967
497,Vancouver Island,VAN13,468800,5390827,b,0,1.398021992,0.858157089,3.070224153,-0.996254022,-0.635999983,-0.46421402,0.072744794,-1.527173424,-0.861400343,2.851975238,-0.56544841,1.127431044
498,Vancouver Island,VAN14,469034,5390715,b,0,0.228757074,1.200155897,-0.244224744,0.326799601,-0.635999983,-0.46421402,-0.202047601,-1.283162585,-0.500270586,2.851975238,-0.56544841,-0.342724967
499,Vancouver Island,VAN15,468534,5391402,b,0,1.131526205,-0.413305792,-0.244224744,-1.013014826,2.00702312,-0.46421402,-0.202047601,0.36177753,-0.550782501,2.851975238,0.90789592,3.87963072
500,Vancouver Island,VAN16,468884,5391303,b,0,-0.180973645,2.874040542,-0.244224744,-1.013014826,-0.635999983,-0.46421402,1.972989959,-0.755114636,0.1648352,2.851975238,-0.56544841,2.55296059
501,Vancouver Island,VAN17,467062,5384540,b,0,-0.180973645,-0.413305792,-0.244224744,-1.013014826,2.670216625,-0.46421402,-0.202047601,1.681934838,-0.349386222,2.851975238,-0.56544841,1.135354484
502,Vancouver Island,VAN18,466891,5384436,c,0,-0.180973645,-0.413305792,-0.244224744,-1.013014826,2.670216625,-0.46421402,-0.202047601,0.819594221,1.9111258,2.851975238,-0.56544841,-0.342724967
503,Vancouver Island,VAN19,466837,5384276,b,1,-0.180973645,-0.413305792,-0.244224744,-1.013014826,2.670216625,-0.46421402,-0.202047601,1.399747832,0.150365433,2.851975238,-0.56544841,-0.342724967
504,Vancouver Island,VAN20,466852,5384188,c,0,-0.180973645,-0.413305792,-0.244224744,-1.013014826,2.670216625,-0.46421402,-0.202047601,1.852958252,-0.861226831,2.851975238,-0.56544841,-0.342724967
505,Vancouver Island,VAN21,466979,5384097,b,1,-0.180973645,-0.413305792,-0.244224744,-1.013014826,2.603678978,-0.348147061,-0.202047601,0.86691674,-0.800352549,2.851975238,-0.56544841,-0.342724967
506,Vancouver Island,VAN22,467118,5384189,c,1,-0.180973645,-0.413305792,-0.244224744,-1.013014826,2.477890007,-0.128708122,-0.202047601,1.400528022,-0.701592909,2.851975238,-0.56544841,-0.342724967
507,Vancouver Island,VAN23,467227,5384317,b,1,-0.180973645,-0.413305792,-0.244224744,-1.013014826,2.670216625,-0.46421402,-0.202047601,1.418062235,-0.393978817,2.851975238,-0.56544841,0.193838564
508,Vancouver Island,VAN24,467310,5384509,c,0,-0.180973645,-0.413305792,-0.244224744,-1.013014826,2.09616762,0.537225609,-0.202047601,0.445379452,-0.861400343,2.851975238,-0.56544841,1.420913675
509,Vancouver Island,VAN25,467144,5384662,b,1,-0.180973645,-0.413305792,-0.244224744,-1.013014826,2.670216625,-0.46421402,-0.202047601,1.457082615,-0.732958766,2.851975238,-0.56544841,2.499025048
510,Vancouver Island,VAN26,466970,5384654,c,0,-0.180973645,-0.413305792,-0.244224744,-1.013014826,2.670216625,-0.46421402,-0.202047601,1.569857587,-0.055590515,2.851975238,-0.56544841,-0.342724967
511,Vancouver Island,VAN27,466865,5384816,b,1,-0.180973645,-0.413305792,-0.244224744,-1.013014826,2.670216625,-0.46421402,-0.202047601,1.387632633,0.422088134,2.851975238,-0.56544841,-0.342724967
512,Vancouver Island,VAN28,467045,5384817,c,0,-0.180973645,-0.413305792,-0.244224744,-1.013014826,2.670216625,-0.46421402,-0.202047601,1.682415539,-0.350646318,2.851975238,-0.56544841,-0.342724967
513,Vancouver Island,VAN29,467202,5384839,b,1,-0.180973645,-0.413305792,-0.244224744,-1.013014826,2.670216625,-0.46421402,-0.202047601,1.679049543,-0.37521676,2.851975238,-0.56544841,1.351321947
514,Vancouver Island,VAN30,467370,5384817,c,0,-0.180973645,-0.413305792,-0.244224744,-1.013014826,2.670216625,-0.46421402,-0.202047601,1.556241689,-0.498802845,2.851975238,-0.56544841,1.80776169
515,Vancouver Island,VAN31,467397,5384984,b,1,-0.180973645,-0.413305792,-0.244224744,-0.900783421,2.448710579,-0.46421402,0.128037791,1.734256435,-0.609256059,2.851975238,-0.56544841,-0.342724967
516,Vancouver Island,VAN32,467330,5385129,c,0,-0.180973645,-0.413305792,-0.244224744,0.259249741,0.437907303,-0.46421402,2.344184633,1.158639649,-0.394556242,2.851975238,-0.56544841,-0.342724967
517,Vancouver Island,VAN33,467351,5385288,b,0,-0.180973645,-0.413305792,-0.244224744,1.554254883,-0.635999983,-0.46421402,-0.202047601,1.592343135,-0.114533408,2.851975238,-0.56544841,-0.342724967
518,Vancouver Island,VAN34,467494,5385283,c,0,-0.180973645,-0.413305792,-0.244224744,1.554254883,-0.635999983,-0.46421402,-0.202047601,1.795037512,-0.767595752,2.851975238,-0.56544841,-0.342724967
519,Vancouver Island,VAN35,467745,5385457,b,1,-0.180973645,-0.413305792,-0.244224744,0.269101338,1.019064142,-0.46421402,-0.202047601,0.692783414,0.747630856,2.851975238,-0.56544841,-0.342724967
520,Vancouver Island,VAN36,468921,5384146,b,0,-0.180973645,3.469835107,-0.244224744,-1.013014826,-0.635999983,-0.46421402,-0.202047601,-1.527173424,-0.861400343,2.851975238,1.276035564,0.799750271
521,Vancouver Island,VAN37,469138,5384284,b,0,-0.180973645,3.469835107,-0.244224744,-1.013014826,-0.635999983,-0.46421402,-0.202047601,-1.339256008,-0.861400343,2.851975238,0.782769995,1.460424739
522,Vancouver Island,VAN38,468642,5384229,b,0,-0.180973645,3.469835107,-0.244224744,-1.013014826,-0.635999983,-0.46421402,-0.202047601,-1.527173424,-0.861400343,2.851975238,1.521538233,-0.342724967
523,Vancouver Island,VAN39,468378,5384069,b,0,-0.180973645,0.706301817,0.709556193,0.381210405,-0.635999983,-0.46421402,0.534444493,-1.527173424,-0.338722343,2.851975238,-0.209820615,-0.342724967
524,Vancouver Island,VAN40,468448,5382850,b,0,-0.180973645,2.942660208,0.866027471,-1.013014826,-0.635999983,-0.46421402,-0.202047601,-1.527173424,-0.861400343,2.851975238,-0.56544841,1.395928551
525,Vancouver Island,VAN41,468377,5382524,b,0,-0.180973645,2.561216813,1.669189204,-1.013014826,-0.635999983,-0.46421402,-0.202047601,-1.527173424,-0.676493397,2.851975238,-0.56544841,-0.342724967
526,Vancouver Island,VAN42,468503,5382618,b,0,-0.180973645,2.509959964,1.777117495,-1.013014826,-0.635999983,-0.46421402,-0.202047601,-1.480752628,-0.46581849,2.851975238,-0.56544841,-0.342724967
527,Vancouver Island,VAN43,468269,5382826,b,0,-0.180973645,3.469835107,-0.244224744,-1.013014826,-0.635999983,-0.46421402,-0.202047601,-1.527173424,-0.861400343,2.851975238,0.555130474,1.56077281
528,Vancouver Island,VAN44,468066,5382831,b,0,-0.180973645,3.469835107,-0.244224744,-1.013014826,-0.635999983,-0.46421402,-0.202047601,-1.527173424,-0.861400343,2.851975238,-0.56544841,1.551150336
529,Channel,WCH01,471732,5405309,b,0,-0.180973645,-0.413305792,-0.244224744,-1.013014826,-0.635999983,1.035627025,-0.202047601,-1.527173424,-0.861400343,-0.404791398,-0.56544841,-0.342724967
530,Channel,WCH02,471812,5405220,b,0,-0.180973645,-0.413305792,-0.244224744,-1.013014826,-0.635999983,1.650046367,-0.202047601,-1.527173424,-0.861400343,-0.404791398,-0.56544841,-0.342724967
